COPY_ID,route,rendered_on_routes,page_section,component_or_file,source_location,runtime_or_source,visibility_or_state,current_text,type,claim_count,claim_ids,source_or_evidence,status,problem,proposed_action,duplicate_group,human_validation,notes
COPY-GLOBAL-SKIPLINK-001,GLOBAL,/ | /analises/bases-clinicas/ | /analises/impacto-socioeconomico/ | /inovacao/startups/,chrome,painel-gsds/src/components/layout/SkipLink.astro,SkipLink.astro:label default,both,default,Ir para o conteúdo,UI,0,NONE,N/A_NOT_FACTUAL,supported,NONE,keep,NONE,NONE,NONE
COPY-GLOBAL-HEADER-001,GLOBAL,/ | /analises/bases-clinicas/ | /analises/impacto-socioeconomico/ | /inovacao/startups/,header,painel-gsds/src/components/layout/GlobalHeader.astro,GlobalHeader.astro:aria-label brandPilot,both,default,Início — GSD Dashboard,UI,0,NONE,N/A_NOT_FACTUAL,needs_review,Mistura inglês GSD Dashboard com marca portuguesa Painel GSDs.,revise,NONE,required,Confirmado em runtime nas 4 rotas. alt da lockup é vazio; o nome acessível depende deste aria-label.
COPY-GLOBAL-NAV-001,GLOBAL,/ | /analises/bases-clinicas/ | /analises/impacto-socioeconomico/ | /inovacao/startups/,header,painel-gsds/src/lib/navigation/siteNav.ts,SITE_NAV_ITEMS[0].label,both,default,Visão geral,UI,0,NONE,N/A_NOT_FACTUAL,supported,NONE,keep,DUP-NAV-PRIMARY,NONE,"Desktop e mobile consomem o mesmo SoT de navegação. aria-current também marca Visão geral em rotas internas porque href / faz endsWith verdadeiro — achado de estado acessível, não do texto literal. Ver ISSUE-7A0-007."
COPY-GLOBAL-NAV-002,GLOBAL,/ | /analises/bases-clinicas/ | /analises/impacto-socioeconomico/ | /inovacao/startups/,header,painel-gsds/src/lib/navigation/siteNav.ts,SITE_NAV_ITEMS[1].label,both,default,Bases clínicas,UI,0,NONE,N/A_NOT_FACTUAL,supported,NONE,keep,DUP-NAV-PRIMARY,NONE,NONE
COPY-GLOBAL-NAV-003,GLOBAL,/ | /analises/bases-clinicas/ | /analises/impacto-socioeconomico/ | /inovacao/startups/,header,painel-gsds/src/lib/navigation/siteNav.ts,SITE_NAV_ITEMS[2].label,both,default,Impacto socioeconômico,UI,0,NONE,N/A_NOT_FACTUAL,supported,NONE,keep,DUP-NAV-PRIMARY,NONE,NONE
COPY-GLOBAL-NAV-004,GLOBAL,/ | /analises/bases-clinicas/ | /analises/impacto-socioeconomico/ | /inovacao/startups/,header,painel-gsds/src/lib/navigation/siteNav.ts,SITE_NAV_ITEMS[3].label,both,default,Observatório de startups,UI,0,NONE,N/A_NOT_FACTUAL,supported,NONE,keep,DUP-NAV-PRIMARY,NONE,NONE
COPY-GLOBAL-NAV-005,GLOBAL,/ | /analises/bases-clinicas/ | /analises/impacto-socioeconomico/ | /inovacao/startups/,header,painel-gsds/src/lib/navigation/siteNav.ts,SITE_NAV_ITEMS[4].label + hint,both,default,Metodologia | Em breve,UI,0,NONE,N/A_NOT_FACTUAL,supported,NONE,keep,NONE,NONE,available:false; não é link. O 404 de /metodologia/ digitada manualmente não é defeito da copy visível. Falso positivo F5 removido nesta correção.
COPY-GLOBAL-NAV-006,GLOBAL,/ | /analises/bases-clinicas/ | /analises/impacto-socioeconomico/ | /inovacao/startups/,header,painel-gsds/src/components/layout/GlobalHeader.astro,nav aria-label,both,default,Principal,UI,0,NONE,N/A_NOT_FACTUAL,supported,NONE,keep,NONE,NONE,NONE
COPY-GLOBAL-MOBILE-001,GLOBAL,/ | /analises/bases-clinicas/ | /analises/impacto-socioeconomico/ | /inovacao/startups/,header,painel-gsds/src/components/layout/MobileNavigation.tsx,toggle closed label,source,"viewport < 64rem, menu closed; 64–71.99rem also in brandPilot",Menu | ☰,UI,0,NONE,N/A_NOT_FACTUAL,supported,NONE,keep,NONE,NONE,Ícone ☰ é o conteúdo visível do botão fechado; o nome acessível permanece Menu.
COPY-GLOBAL-MOBILE-002,GLOBAL,/ | /analises/bases-clinicas/ | /analises/impacto-socioeconomico/ | /inovacao/startups/,header,painel-gsds/src/components/layout/MobileNavigation.tsx,toggle open label,source,menu open,Fechar | ✕,UI,0,NONE,N/A_NOT_FACTUAL,supported,NONE,keep,NONE,NONE,Ícone ✕ no botão aberto.
COPY-GLOBAL-MOBILE-003,GLOBAL,/ | /analises/bases-clinicas/ | /analises/impacto-socioeconomico/ | /inovacao/startups/,header,painel-gsds/src/components/layout/MobileNavigation.tsx,dialog title default,source,menu open,Menu de navegação,UI,0,NONE,N/A_NOT_FACTUAL,supported,NONE,keep,NONE,NONE,NONE
COPY-GLOBAL-MOBILE-004,GLOBAL,/ | /analises/bases-clinicas/ | /analises/impacto-socioeconomico/ | /inovacao/startups/,header,painel-gsds/src/components/layout/MobileNavigation.tsx,close button,source,menu open,Fechar menu,UI,0,NONE,N/A_NOT_FACTUAL,supported,NONE,keep,NONE,NONE,NONE
COPY-GLOBAL-FOOTER-001,GLOBAL,/ | /analises/bases-clinicas/ | /analises/impacto-socioeconomico/ | /inovacao/startups/,footer,painel-gsds/src/components/layout/GlobalFooter.astro,footer-brand,both,default,Painel Global de Inovação em Glicogenoses,editorial,1,COPY-GLOBAL-FOOTER-001.C01,EV-CODE-001,supported,NONE,keep,NONE,NONE,NONE
COPY-GLOBAL-FOOTER-002,GLOBAL,/ | /analises/bases-clinicas/ | /analises/impacto-socioeconomico/ | /inovacao/startups/,footer,painel-gsds/src/components/layout/GlobalFooter.astro,footer-meta template,both,default,© {year} · Última revisão: | {lastReviewedAt} | © 2026 · Última revisão: | 2026-08-10 | 2026-08-12 | 2026-08-24,UI,1,COPY-GLOBAL-FOOTER-002.C01,EV-CODE-001 | EV-RUNTIME-001,supported,NONE,keep,NONE,NONE,year = new Date().getFullYear() no build/dev; lastReviewedAt vem da página. Runtime 2026 observado. Átomo do prefixo termina em dois-pontos; a data vive no <time> seguinte. Literais observados: Home 2026-08-10; clínica/socio 2026-08-12; observatório 2026-08-24.
COPY-GLOBAL-FOOTER-003,GLOBAL,/ | /analises/bases-clinicas/ | /analises/impacto-socioeconomico/ | /inovacao/startups/,footer,painel-gsds/src/layouts/BaseLayout.astro,footerNote default vs hideFooterMedicalNotice,source,hidden on the 4 in-scope routes; default text would show elsewhere,Conteúdo informativo. Não substitui avaliação médica.,notice,1,COPY-GLOBAL-FOOTER-003.C01,EV-CODE-001,supported,NONE,keep,DUP-MEDICAL-NOTICE,NONE,BaseLayout omite o notice nas 4 rotas do dashboard. Clinical page uses a more specific notice in ResearchHeader.
COPY-GLOBAL-BREADCRUMB-001,GLOBAL,/analises/bases-clinicas/ | /analises/impacto-socioeconomico/ | /inovacao/startups/,breadcrumbs,painel-gsds/src/components/research/Breadcrumbs.astro,nav aria-label,both,default,Trilha de navegação,UI,0,NONE,N/A_NOT_FACTUAL,supported,NONE,keep,NONE,NONE,NONE
COPY-GLOBAL-SECTIONNAV-001,GLOBAL,/analises/bases-clinicas/ | /analises/impacto-socioeconomico/,in-page-nav,painel-gsds/src/components/research/ResearchSectionNav.astro,heading default,both,default,Nesta página,UI,0,NONE,N/A_NOT_FACTUAL,supported,NONE,keep,NONE,NONE,NONE
COPY-GLOBAL-SECTIONNAV-002,GLOBAL,/analises/bases-clinicas/ | /analises/impacto-socioeconomico/,in-page-nav,painel-gsds/src/pages/analises/bases-clinicas/index.astro,section aria-label wrapping ResearchSectionNav (também na página socioeconômica),both,default,Sumário da página,UI,0,NONE,N/A_NOT_FACTUAL,supported,NONE,keep,NONE,NONE,NONE
COPY-GLOBAL-RESEARCHMETA-001,GLOBAL,/analises/bases-clinicas/ | /analises/impacto-socioeconomico/ | /inovacao/startups/,header,painel-gsds/src/components/research/ResearchHeader.astro,meta labels,both,default,Última revisão: | {updatedAt} | · Corte das fontes: | {cutoff} | 2026-08-12 | 2026-08-10 | 2026-08-24,metodologia,1,COPY-GLOBAL-RESEARCHMETA-001.C01,EV-CODE-002,needs_review,"No Observatório, cutoff é igual a publishedAt do snapshot, não ao corte das SoTs clínicas (2026-08-10).",revise,NONE,required,Clínica e socioeconômico: revisão 2026-08-12 e corte 2026-08-10. Observatório: ambos 2026-08-24 (publishedAt do snapshot). Datas isoladas no HTML vêm dos <time>.
COPY-GLOBAL-EVIDENCEFOOTER-001,GLOBAL,/analises/bases-clinicas/ | /analises/impacto-socioeconomico/,limitacoes-e-fontes,painel-gsds/src/components/research/EvidenceFooter.astro,h2,both,default,Limitações e fontes desta página,metodologia,0,NONE,N/A_NOT_FACTUAL,supported,NONE,keep,NONE,NONE,NONE
COPY-GLOBAL-EVIDENCEFOOTER-002,GLOBAL,/analises/bases-clinicas/ | /analises/impacto-socioeconomico/,limitacoes-e-fontes,painel-gsds/src/components/research/EvidenceFooter.astro,h3,both,default,Fontes,UI,0,NONE,N/A_NOT_FACTUAL,supported,NONE,keep,NONE,NONE,NONE
COPY-GLOBAL-EVIDENCEFOOTER-003,GLOBAL,NONE,limitacoes-e-fontes,painel-gsds/src/components/research/EvidenceFooter.astro,showMedicalNotice default false,source,not rendered on in-scope pages (prop unused),Conteúdo informativo. Não substitui avaliação médica individual.,notice,1,COPY-GLOBAL-EVIDENCEFOOTER-003.C01,EV-SOT-MED-001,supported,NONE,keep,DUP-MEDICAL-NOTICE,NONE,NONE
COPY-GLOBAL-KEYMETRIC-001,GLOBAL,/,metricas,painel-gsds/src/components/executive/KeyMetric.astro,meta Período / Universo / Limitação essencial,both,default,Período: {period} | Universo: {geography} | Limitação essencial:,metodologia,1,COPY-GLOBAL-KEYMETRIC-001.C01,EV-CODE-004 | EV-METRIC-JSON,supported,NONE,keep,NONE,NONE,O rótulo Limitação essencial: é um span próprio; o texto da limitação pertence às unidades COPY-HOME-METRICS-003–006.
COPY-GLOBAL-KEYMETRIC-002,GLOBAL,NONE,metricas,painel-gsds/src/components/executive/KeyMetric.astro,absent value aria-label,source,not-calculable or value null — not used by current Home metrics,Valor não calculável,UI,0,NONE,N/A_NOT_FACTUAL,supported,NONE,keep,NONE,NONE,NONE
COPY-GLOBAL-SOURCEANCHOR-001,GLOBAL,/,metricas,painel-gsds/src/components/evidence/SourceAnchor.astro,dt labels,both,default,Fonte | Tipo | Localizador | Verificado em | Acesso,UI,0,NONE,N/A_NOT_FACTUAL,supported,NONE,keep,NONE,NONE,NONE
COPY-GLOBAL-PORTAL-001,GLOBAL,NONE,portals,painel-gsds/src/components/executive/SectionPortal.astro,unavailableLabel default,source,available=false — unused on current Home portals,Em desenvolvimento,UI,0,NONE,N/A_NOT_FACTUAL,supported,NONE,keep,NONE,NONE,NONE
COPY-GLOBAL-EVIDENCEBADGE-001,GLOBAL,NONE,evidence,painel-gsds/src/lib/evidence/states.ts,EVIDENCE_LABELS + EVIDENCE_DESCRIPTIONS,source,HomeMetrics showEvidenceBadge=false; HomeMethodology showEvidenceStates=false,Observado | Estimado | Proxy | Conceitual | Não calculável | Evidência limitada,metodologia,0,NONE,N/A_NOT_FACTUAL,supported,NONE,keep,NONE,NONE,Labels e descrições existem no código de produção mas não são renderizados nas 4 rotas no estado atual.
COPY-HOME-SEO-001,/,/,seo,painel-gsds/src/pages/index.astro,BaseLayout title,both,default,Painel GSDs — visão executiva,SEO,0,NONE,N/A_NOT_FACTUAL,supported,NONE,keep,NONE,NONE,NONE
COPY-HOME-SEO-002,/,/,seo,painel-gsds/src/pages/index.astro,BaseLayout description / og:description,both,default,"Home executiva do Painel Global de Inovação em Glicogenoses: família heterogênea de doenças, carga socioeconômica, mercado observado e limites dos dados brasileiros.",SEO,1,COPY-HOME-SEO-002.C01,EV-SOT-MED-001 | EV-SOT-SOC-001,supported,NONE,keep,NONE,NONE,stylistic_only: a omissão de caveat do Observatório não enfraquece as afirmações clínicas/socioeconômicas que a meta realmente contém. Falso positivo F5.
COPY-HOME-HERO-001,/,/,inicio,painel-gsds/src/pages/index.astro,home-hero__context,both,default,Visão executiva,editorial,0,NONE,N/A_NOT_FACTUAL,supported,NONE,keep,NONE,NONE,NONE
COPY-HOME-HERO-002,/,/,inicio,painel-gsds/src/pages/index.astro,h1#home-hero-title,both,default,"Glicogenoses: uma família de doenças, múltiplas jornadas.",factual,1,COPY-HOME-HERO-002.C01,EV-SOT-MED-001 | EV-CLAIM-CLM-CLINICAL-001,supported,NONE,keep,NONE,NONE,NONE
COPY-HOME-HERO-003,/,/,inicio,painel-gsds/src/pages/index.astro,home-hero__subtitle,both,default,"O painel reúne contexto clínico, impacto socioeconômico e organizações relacionadas às GSDs.",factual,1,COPY-HOME-HERO-003.C01,EV-CODE-003,supported,NONE,keep,NONE,NONE,NONE
COPY-HOME-HERO-004,/,/,inicio,painel-gsds/src/pages/index.astro,CTA primary,both,default,Entender o problema,UI,0,NONE,N/A_NOT_FACTUAL,supported,NONE,keep,NONE,NONE,NONE
COPY-HOME-HERO-005,/,/,inicio,painel-gsds/src/pages/index.astro,CTA secondary,both,default,Ver como os dados foram tratados,UI,0,NONE,N/A_NOT_FACTUAL,supported,NONE,keep,NONE,NONE,NONE
COPY-HOME-PROBLEM-001,/,/,problema,painel-gsds/src/components/home/ProblemInOneMinute.astro,kicker + heading default,both,default,Síntese | O problema em um minuto,editorial,0,NONE,N/A_NOT_FACTUAL,supported,NONE,keep,NONE,NONE,NONE
COPY-HOME-PROBLEM-002,/,/,problema,painel-gsds/src/pages/index.astro,points[0],both,default,"GSD não é um diagnóstico único | Mais de 20 tipos e subtipos são reconhecidos; o tipo molecular orienta manifestação, prognóstico e manejo.",factual,3,COPY-HOME-PROBLEM-002.C01 | COPY-HOME-PROBLEM-002.C02 | COPY-HOME-PROBLEM-002.C03,EV-SOT-MED-001 | EV-CLAIM-CLM-CLINICAL-001,supported,NONE,keep,NONE,NONE,NONE
COPY-HOME-PROBLEM-003,/,/,problema,painel-gsds/src/pages/index.astro,points[1],both,default,"Tecido e metabolismo mudam a jornada | Formas hepáticas, musculares e multissistêmicas geram necessidades clínicas distintas ao longo da vida.",factual,1,COPY-HOME-PROBLEM-003.C01,EV-SOT-MED-001 | EV-CLAIM-CLM-CLINICAL-002,supported,NONE,keep,NONE,NONE,NONE
COPY-HOME-PROBLEM-004,/,/,problema,painel-gsds/src/pages/index.astro,points[2],both,default,"A carga ultrapassa o sintoma | Manejo diário, cuidado informal e barreiras de acesso fazem parte do problema — e são mensurados de forma desigual.",factual,1,COPY-HOME-PROBLEM-004.C01,EV-SOT-SOC-001 | EV-CLAIM-CLM-SOCIO-001,supported,NONE,keep,NONE,NONE,NONE
COPY-HOME-PROBLEM-005,/,/,problema,painel-gsds/src/components/home/ProblemInOneMinute.astro,"problem-rail__index padStart(2,0)",both,default,01 | 02 | 03,UI,0,NONE,N/A_NOT_FACTUAL,supported,NONE,keep,NONE,NONE,Índices visuais aria-hidden dos três pontos da síntese.
COPY-HOME-MECH-001,/,/,mecanismo,painel-gsds/src/components/home/MechanismToLife.astro,kicker + heading default,both,default,Ponte conceitual | Do mecanismo à vida cotidiana,editorial,0,NONE,N/A_NOT_FACTUAL,supported,NONE,keep,NONE,NONE,NONE
COPY-HOME-MECH-002,/,/,mecanismo,painel-gsds/src/pages/index.astro,MechanismToLife caveat,both,default,Ponte conceitual para leitura executiva. Os padrões variam entre tipos e pacientes; não substitui fluxograma clínico causal.,caveat,1,COPY-HOME-MECH-002.C01,EV-SOT-MED-001,supported,NONE,keep,NONE,NONE,NONE
COPY-HOME-MECH-003,/,/,mecanismo,painel-gsds/src/pages/index.astro,MechanismToLife steps[0],both,default,Defeito metabólico | Enzima ou transportador do metabolismo do glicogênio comprometido.,factual,1,COPY-HOME-MECH-003.C01,EV-SOT-MED-001 | EV-CLAIM-CLM-CLINICAL-002 | EV-CLAIM-CLM-CLINICAL-003,supported,NONE,keep,NONE,NONE,NONE
COPY-HOME-MECH-004,/,/,mecanismo,painel-gsds/src/pages/index.astro,MechanismToLife steps[1],both,default,"Órgãos e funções | Fígado, músculo, coração, respiração ou múltiplos sistemas conforme o tipo.",factual,1,COPY-HOME-MECH-004.C01,EV-SOT-MED-001 | EV-CLAIM-CLM-CLINICAL-002 | EV-CLAIM-CLM-CLINICAL-003,supported,NONE,keep,NONE,NONE,NONE
COPY-HOME-MECH-005,/,/,mecanismo,painel-gsds/src/pages/index.astro,MechanismToLife steps[2],both,default,"Manejo cotidiano | Dieta, monitoramento, reabilitação, infusões ou vigilância de complicações.",factual,1,COPY-HOME-MECH-005.C01,EV-SOT-MED-001 | EV-CLAIM-CLM-CLINICAL-002 | EV-CLAIM-CLM-CLINICAL-003,supported,NONE,keep,NONE,NONE,NONE
COPY-HOME-MECH-006,/,/,mecanismo,painel-gsds/src/pages/index.astro,MechanismToLife steps[3],both,default,"Paciente, rede e sistema | Carga familiar, atraso diagnóstico, utilização hospitalar e acesso desigual.",factual,1,COPY-HOME-MECH-006.C01,EV-SOT-MED-001 | EV-CLAIM-CLM-CLINICAL-002 | EV-CLAIM-CLM-CLINICAL-003,supported,NONE,keep,NONE,NONE,NONE
COPY-HOME-METRICS-001,/,/,metricas,painel-gsds/src/components/home/HomeMetrics.astro,kicker + heading default,both,default,Evidência essencial | Números que enquadram o problema,editorial,0,NONE,N/A_NOT_FACTUAL,supported,NONE,keep,NONE,NONE,NONE
COPY-HOME-METRICS-002,/,/,metricas,painel-gsds/src/pages/index.astro,HomeMetrics framing,both,default,"Estes números representam dimensões distintas — diversidade clínica, receita observada, utilização hospitalar e atraso diagnóstico em um subtipo. Não podem ser somados nem lidos como estimativa única de escala.",metodologia,1,COPY-HOME-METRICS-002.C01,EV-SOT-MED-001 | EV-SOT-SOC-001 | EV-CODE-004,supported,NONE,keep,NONE,NONE,NONE
COPY-HOME-METRICS-003,/,/,metricas,painel-gsds/src/data/metrics.json,met-clinical-001 + clm-clinical-001,both,default,Diversidade clínica reconhecida | mais de 20 | tipos e subtipos | GSD não é um diagnóstico único: há mais de 20 tipos e subtipos reconhecidos. | Período: síntese médica (corte 2026-08-10) | Universo: global | Limitação essencial: | Não é um inventário fechado; a nomenclatura histórica permanece heterogênea. | Fonte | Projeto Painel GSDs (2026) | Tipo | project-report | Localizador | Visão geral | Verificado em | 2026-08-10 | Acesso | Glicogenose: Resumo Médico Executivo,factual,1,COPY-HOME-METRICS-003.C01,EV-CLAIM-CLM-CLINICAL-001 | EV-METRIC-MET-CLINICAL-001,supported,NONE,keep,NONE,NONE,"Separador documentado: "" | "" na ordem de leitura do card KeyMetric. period via sanitizeHomeCopy (SoT médica → síntese médica)."
COPY-HOME-METRICS-004,/,/,metricas,painel-gsds/src/data/metrics.json,met-market-001 + clm-market-001,both,default,"Receita farmacêutica observada (Pompe) | ≈ €1,4 bilhão | Receita observada em Pompe (≈ €1,4 bi em 2024) não é necessidade total nem TAM. | Período: 2024 | Universo: global | Limitação essencial: | Trata-se de mercado/receita observada, não de TAM, SAM ou SOM. | Fonte | Projeto Painel GSDs (2026) | Tipo | project-report | Localizador | 1.2 O mercado farmacêutico realizado está concentrado em Pompe | Verificado em | 2026-08-10 | Acesso | Glicogenose: Estudo Socioeconômico Mercadológico",factual,1,COPY-HOME-METRICS-004.C01,EV-CLAIM-CLM-MARKET-001 | EV-METRIC-MET-MARKET-001,supported,NONE,keep,NONE,NONE,"displayValue de mercado forçado para ≈ €1,4 bilhão (unit omitida). Separador "" | ""."
COPY-HOME-METRICS-005,/,/,metricas,painel-gsds/src/data/metrics.json,met-datasus-001 + clm-brasil-001,both,default,"AIHs com diagnóstico principal E74.0 | 997 | AIHs | Brasil: sem denominador nacional confiável; 997 AIHs E74.0 são proxy hospitalar, não pacientes. | Período: janeiro de 2020 a maio de 2026 | Universo: Brasil | Limitação essencial: | AIHs não equivalem a pacientes, indivíduos ou internações únicas deduplicadas. | Fonte | Projeto Painel GSDs (2026) | Tipo | project-report | Localizador | Brasil / SIH/SUS — 997 AIHs E74.0 | Verificado em | 2026-08-10 | Acesso | Glicogenose: Estudo Socioeconômico Mercadológico",factual,1,COPY-HOME-METRICS-005.C01,EV-CLAIM-CLM-BRASIL-001 | EV-METRIC-MET-DATASUS-001,supported,NONE,keep,NONE,NONE,"Separador "" | "". HomeMetrics não aplica publicSocioText às limitações da métrica."
COPY-HOME-METRICS-006,/,/,metricas,painel-gsds/src/data/metrics.json,met-mcardle-001 + clm-socio-002,both,default,Atraso diagnóstico mediano (McArdle) | 29 | anos (mediana) | McArdle: atraso diagnóstico mediano de 29 anos no estudo documentado. | Período: estudo documentado na síntese socioeconômica | Universo: estudo específico | Limitação essencial: | Evidência específica de McArdle — não é mediana universal das GSDs. | Fonte | Projeto Painel GSDs (2026) | Tipo | project-report | Localizador | 1.1 / McArdle — atraso mediano de 29 anos | Verificado em | 2026-08-10 | Acesso | Glicogenose: Estudo Socioeconômico Mercadológico,factual,1,COPY-HOME-METRICS-006.C01,EV-CLAIM-CLM-SOCIO-002 | EV-METRIC-MET-MCARDLE-001,supported,NONE,keep,NONE,NONE,period e locator via sanitizeHomeCopy: SoT socioeconômica → síntese socioeconômica; [CAR-010 a CAR-013] removido.
COPY-HOME-NEED-001,/,/,mercado-necessidade,painel-gsds/src/components/home/ObservedVsNeed.astro,kicker + heading default,both,default,Enquadramento | Mercado observado não é necessidade total,metodologia,1,COPY-HOME-NEED-001.C01,EV-SOT-SOC-001 | EV-CLAIM-CLM-MARKET-001,supported,NONE,keep,NONE,NONE,NONE
COPY-HOME-NEED-002,/,/,mercado-necessidade,painel-gsds/src/pages/index.astro,ObservedVsNeed insight,both,default,"O mercado farmacêutico observado concentra-se em Pompe. População potencial, elegibilidade e necessidade total não são equivalentes a receita realizada.",factual,1,COPY-HOME-NEED-002.C01,EV-SOT-SOC-001 | EV-CLAIM-CLM-MARKET-001,supported,NONE,keep,NONE,NONE,NONE
COPY-HOME-NEED-003,/,/,mercado-necessidade,painel-gsds/src/components/home/ObservedVsNeed.astro,badge-conceptual,both,default,Conceitual | Sem áreas proporcionais nem funil monetário falso.,metodologia,1,COPY-HOME-NEED-003.C01,EV-CODE-003 | EV-SOT-SOC-001,supported,NONE,keep,NONE,NONE,NONE
COPY-HOME-NEED-004,/,/,mercado-necessidade,painel-gsds/src/pages/index.astro,ObservedVsNeed layers,both,default,População potencial | Teto epidemiológico ou genético possível; inclui incerteza de penetrância e não equivale a demanda atendível. | População potencial: | Teto epidemiológico ou genético possível; inclui incerteza de penetrância e não equivale a demanda atendível.,metodologia,1,COPY-HOME-NEED-004.C01,EV-SOT-SOC-001 | EV-CLAIM-CLM-SOCIO-004,supported,NONE,keep,DUP-HOME-NEED-ALT,NONE,NONE
COPY-HOME-NEED-005,/,/,mercado-necessidade,painel-gsds/src/pages/index.astro,ObservedVsNeed layers,both,default,"Diagnosticada / elegível / alcançável | Camada intermediária que exige confirmação, critérios clínicos e capacidade de acesso — ainda incompleta para a maioria das GSDs. | Diagnosticada / elegível / alcançável: | Camada intermediária que exige confirmação, critérios clínicos e capacidade de acesso — ainda incompleta para a maioria das GSDs.",metodologia,1,COPY-HOME-NEED-005.C01,EV-SOT-SOC-001 | EV-CLAIM-CLM-SOCIO-004,supported,NONE,keep,DUP-HOME-NEED-ALT,NONE,NONE
COPY-HOME-NEED-006,/,/,mercado-necessidade,painel-gsds/src/pages/index.astro,ObservedVsNeed layers,both,default,"Cuidado ou mercado observado | O que é publicamente mensurável hoje, como receita farmacêutica em Pompe ou AIHs hospitalares no Brasil. | Cuidado ou mercado observado: | O que é publicamente mensurável hoje, como receita farmacêutica em Pompe ou AIHs hospitalares no Brasil.",metodologia,1,COPY-HOME-NEED-006.C01,EV-SOT-SOC-001 | EV-CLAIM-CLM-SOCIO-004,supported,NONE,keep,DUP-HOME-NEED-ALT,NONE,NONE
COPY-HOME-NEED-007,/,/,mercado-necessidade,painel-gsds/src/pages/index.astro,ObservedVsNeed layers,both,default,"Dimensões não mensuradas | Diagnóstico, nutrição, monitoramento, reabilitação e suporte permanecem necessidades centrais sem mercado estruturado comparável. | Dimensões não mensuradas: | Diagnóstico, nutrição, monitoramento, reabilitação e suporte permanecem necessidades centrais sem mercado estruturado comparável.",metodologia,1,COPY-HOME-NEED-007.C01,EV-SOT-SOC-001 | EV-CLAIM-CLM-SOCIO-004,supported,NONE,keep,DUP-HOME-NEED-ALT,NONE,NONE
COPY-HOME-NEED-008,/,/,mercado-necessidade,painel-gsds/src/components/home/ObservedVsNeed.astro,aside aria-label + h3,both,default,Alternativa textual da visualização | Alternativa textual,UI,0,NONE,N/A_NOT_FACTUAL,supported,NONE,keep,NONE,NONE,Camadas são repetidas de propósito para alternativa textual; duplicate_group DUP-HOME-NEED-ALT.
COPY-HOME-NEED-009,/,/,mercado-necessidade,painel-gsds/src/pages/index.astro,observedNote template,both,default,"Receita observada de ≈ €1,4 bilhão em 2024 — não é TAM/SAM/SOM.",factual,1,COPY-HOME-NEED-009.C01,EV-SOT-SOC-001 | EV-CLAIM-CLM-MARKET-001,supported,NONE,keep,DUP-REV-NOT-TAM,NONE,marketPeriodDisplay runtime = 2024.
COPY-HOME-BR-001,/,/,brasil,painel-gsds/src/components/home/BrazilOverview.astro,kicker + heading default,both,default,Recorte nacional | Brasil: o que os dados mostram e omitem,editorial,0,NONE,N/A_NOT_FACTUAL,supported,NONE,keep,NONE,NONE,NONE
COPY-HOME-BR-002,/,/,brasil,painel-gsds/src/pages/index.astro,BrazilOverview summary[],both,default,Não há denominador nacional confiável de prevalência para as glicogenoses.,factual,1,COPY-HOME-BR-002.C01,EV-SOT-SOC-001 | EV-CLAIM-CLM-BRASIL-001,supported,NONE,keep,NONE,NONE,NONE
COPY-HOME-BR-003,/,/,brasil,painel-gsds/src/pages/index.astro,BrazilOverview summary[],both,default,Acesso e capacidade assistencial permanecem fragmentados entre territórios e tipos.,factual,1,COPY-HOME-BR-003.C01,EV-SOT-SOC-001 | EV-CLAIM-CLM-BRASIL-001,supported,NONE,keep,NONE,NONE,NONE
COPY-HOME-BR-004,/,/,brasil,painel-gsds/src/pages/index.astro,BrazilOverview summary[],both,default,"O SIH/SUS oferece observação hospitalar limitada (AIHs E74.0), não um censo de pacientes.",factual,1,COPY-HOME-BR-004.C01,EV-SOT-SOC-001 | EV-CLAIM-CLM-BRASIL-001,supported,NONE,keep,DUP-AIH-NOT-PATIENT,NONE,NONE
COPY-HOME-BR-005,/,/,brasil,painel-gsds/src/pages/index.astro,BrazilOverview summary[],both,default,Existe capacidade clínica e científica no país; isso não autoriza inferir cobertura nacional.,factual,1,COPY-HOME-BR-005.C01,EV-SOT-SOC-001 | EV-CLAIM-CLM-BRASIL-001,supported,NONE,keep,NONE,NONE,NONE
COPY-HOME-BR-006,/,/,brasil,painel-gsds/src/components/home/BrazilOverview.astro,h3 brasil-ref-title,both,default,"Referência à métrica DATASUS (mesmo registro) | 997 | AIHs· janeiro de 2020 a maio de 2026 | Brasil: sem denominador nacional confiável; 997 AIHs E74.0 são proxy hospitalar, não pacientes.",metodologia,3,COPY-HOME-BR-006.C01 | COPY-HOME-BR-006.C02 | COPY-HOME-BR-006.C03,EV-SOT-SOC-001 | EV-CLAIM-CLM-BRASIL-001 | EV-METRIC-MET-DATASUS-001,supported,NONE,keep,NONE,NONE,"period bruto de metrics.json (sem sanitizeHomeCopy). O nó de texto após o strong junta unit, ponto médio e período."
COPY-HOME-ANALISES-001,/,/,analises,painel-gsds/src/pages/index.astro,section-kicker + h2,both,default,Análises | Explore as análises,editorial,0,NONE,N/A_NOT_FACTUAL,supported,NONE,keep,NONE,NONE,NONE
COPY-HOME-ANALISES-003,/,/,analises,painel-gsds/src/pages/index.astro,section-lede,both,default,Aprofunde a leitura clínica e socioeconômica com rastreabilidade às fontes. O observatório publica um primeiro recorte do mapeamento indireto Brasil — sujeito a atualização.,factual,1,COPY-HOME-ANALISES-003.C01,EV-SNAP-COV-001,unsupported,O recorte publicado não é mais apenas o mapeamento indireto Brasil.,revise,NONE,required,NONE
COPY-HOME-PORTAL-001,/,/,analises,painel-gsds/src/pages/index.astro,SectionPortal clinical,both,default,"Como o mecanismo molecular se traduz em diagnóstico, manejo e lacunas clínicas? | Bases clínicas: tipos, fenótipos, diagnóstico e opções terapêuticas com rastreabilidade. | Abrir bases clínicas",editorial,0,NONE,N/A_NOT_FACTUAL,supported,NONE,keep,NONE,NONE,NONE
COPY-HOME-PORTAL-002,/,/,analises,painel-gsds/src/pages/index.astro,SectionPortal socio,both,default,"Qual é a carga socioeconômica e o que o mercado observado realmente captura? | Impacto socioeconômico e estrutura de mercado: custos, desigualdade, Brasil e limites de dimensionamento. | Abrir impacto socioeconômico",editorial,0,NONE,N/A_NOT_FACTUAL,supported,NONE,keep,NONE,NONE,NONE
COPY-HOME-OBS-001,/,/,inovacao,painel-gsds/src/pages/index.astro,kicker + h2,both,default,Observatório | Ecossistema de inovação,editorial,0,NONE,N/A_NOT_FACTUAL,supported,NONE,keep,NONE,NONE,NONE
COPY-HOME-OBS-002,/,/,inovacao,painel-gsds/src/pages/index.astro,observatory section-lede,both,default,"Recorte do Observatório: núcleos indiretos Brasil e Global e as 28 organizações com relação direta do mapeamento global, com cobertura parcial e sem alegação de censo.",factual,2,COPY-HOME-OBS-002.C01 | COPY-HOME-OBS-002.C02,EV-SNAP-COV-001,supported,NONE,keep,NONE,NONE,NONE
COPY-HOME-OBS-003,/,/,inovacao,painel-gsds/src/pages/index.astro,SectionPortal observatory,both,default,"Quais organizações publicadas se relacionam às glicogenoses — e com qual evidência? | O recorte publicado cobre os núcleos indiretos e as 28 organizações com relação direta às GSDs. Relações diretas podem ser atuais, históricas ou ainda incertas; a cobertura é parcial e não equivale a um censo. | Abrir observatório de startups",factual,2,COPY-HOME-OBS-003.C01 | COPY-HOME-OBS-003.C02,EV-SNAP-COV-001,supported,NONE,keep,NONE,NONE,NONE
COPY-HOME-METH-001,/,/,metodologia,painel-gsds/src/components/home/HomeMethodology.astro,kicker + heading default,both,default,Leitura e limites | Como ler este painel,metodologia,0,NONE,N/A_NOT_FACTUAL,supported,NONE,keep,NONE,NONE,NONE
COPY-HOME-METH-002,/,/,metodologia,painel-gsds/src/components/home/HomeMethodology.astro,Atualização,both,default,Atualização | Última revisão editorial da Home: | 2026-08-10 | . | Corte das fontes: | 2026-08-10 | .,metodologia,2,COPY-HOME-METH-002.C01 | COPY-HOME-METH-002.C02,EV-CODE-003 | EV-RUNTIME-001,supported,NONE,keep,NONE,NONE,updatedAt e sotCutoff = 2026-08-10 no source da Home. Cabeçalho h3 visível.
COPY-HOME-METH-003,/,/,metodologia,painel-gsds/src/pages/index.astro,limitations[0],both,default,Sínteses executivas não substituem as análises aprofundadas.,caveat,1,COPY-HOME-METH-003.C01,EV-CODE-003,supported,NONE,keep,NONE,NONE,NONE
COPY-HOME-METH-004,/,/,metodologia,painel-gsds/src/pages/index.astro,limitations[1],both,default,"Evidências de um subtipo (por exemplo, McArdle ou Pompe) não se generalizam automaticamente a todas as GSDs.",caveat,1,COPY-HOME-METH-004.C01,EV-SOT-MED-001 | EV-SOT-SOC-001,supported,NONE,keep,NONE,NONE,NONE
COPY-HOME-METH-005,/,/,metodologia,painel-gsds/src/components/home/HomeMethodology.astro,h3 Fontes utilizadas pela Home,both,default,Fontes utilizadas pela Home,UI,0,NONE,N/A_NOT_FACTUAL,supported,NONE,keep,NONE,NONE,NONE
COPY-HOME-METH-006,/,/,metodologia,painel-gsds/src/data/sources.json,src-sot-medical-exec-2026 title,both,default,Glicogenose: Resumo Médico Executivo | Projeto Painel GSDs (2026),metodologia,1,COPY-HOME-METH-006.C01,EV-SOT-MED-001 | EV-CODE-003,supported,NONE,keep,NONE,NONE,NONE
COPY-HOME-METH-007,/,/,metodologia,painel-gsds/src/data/sources.json,src-sot-socioeconomic-2026 title,both,default,Glicogenose: Estudo Socioeconômico Mercadológico | Projeto Painel GSDs (2026),metodologia,1,COPY-HOME-METH-007.C01,EV-SOT-SOC-001 | EV-CODE-003,supported,NONE,keep,NONE,NONE,NONE
COPY-HOME-METH-008,/,/,metodologia,painel-gsds/src/components/home/HomeMethodology.astro,h3 Limitações gerais desta Home,both,default,Limitações gerais desta Home,UI,0,NONE,N/A_NOT_FACTUAL,supported,NONE,keep,NONE,NONE,NONE
COPY-CLINICAL-SEO-001,/analises/bases-clinicas/,/analises/bases-clinicas/,seo,painel-gsds/src/pages/analises/bases-clinicas/index.astro,title,both,default,Bases clínicas das glicogenoses,SEO,0,NONE,N/A_NOT_FACTUAL,supported,NONE,keep,DUP-CLINICAL-TITLE,NONE,NONE
COPY-CLINICAL-SEO-002,/analises/bases-clinicas/,/analises/bases-clinicas/,seo,painel-gsds/src/pages/analises/bases-clinicas/index.astro,description,both,default,"Mecanismos, classificação, manifestações, diagnóstico, manejo e terapias emergentes nas doenças de armazenamento do glicogênio.",SEO,1,COPY-CLINICAL-SEO-002.C01,EV-SOT-MED-001,supported,NONE,keep,NONE,NONE,NONE
COPY-CLINICAL-CRUMB-001,/analises/bases-clinicas/,/analises/bases-clinicas/,breadcrumbs,painel-gsds/src/pages/analises/bases-clinicas/index.astro,Breadcrumbs items,both,default,Início | Análises | Bases clínicas,UI,0,NONE,N/A_NOT_FACTUAL,supported,NONE,keep,NONE,NONE,NONE
COPY-CLINICAL-HEADER-001,/analises/bases-clinicas/,/analises/bases-clinicas/,header,painel-gsds/src/pages/analises/bases-clinicas/index.astro,ResearchHeader eyebrow+title+summary,both,default,"Análise clínica | Bases clínicas das glicogenoses | Uma família de doenças metabólicas hereditárias: o tipo molecular, o tecido afetado e o momento do diagnóstico moldam jornadas muito diferentes.",factual,1,COPY-CLINICAL-HEADER-001.C01,EV-SOT-MED-001 | EV-CLAIM-CLM-CLINICAL-001 | EV-CLAIM-CLM-CLINICAL-002,supported,NONE,keep,DUP-CLINICAL-TITLE,NONE,NONE
COPY-CLINICAL-NOTICE-001,/analises/bases-clinicas/,/analises/bases-clinicas/,header,painel-gsds/src/pages/analises/bases-clinicas/index.astro,ResearchHeader notice,both,default,Conteúdo informativo e não substitutivo de avaliação médica especializada.,notice,1,COPY-CLINICAL-NOTICE-001.C01,EV-SOT-MED-001,supported,NONE,keep,DUP-MEDICAL-NOTICE,NONE,NONE
COPY-CLINICAL-NAV-001,/analises/bases-clinicas/,/analises/bases-clinicas/,in-page-nav,painel-gsds/src/pages/analises/bases-clinicas/index.astro,sections labels,both,default,Visão geral | Papel do glicogênio | Padrões clínicos | Tipos e subtipos | Nomenclatura | Órgãos descritos | Epidemiologia | Diagnóstico | Manejo | Terapias emergentes | Lacunas | Limitações e fontes,UI,0,NONE,N/A_NOT_FACTUAL,supported,NONE,keep,NONE,NONE,NONE
COPY-CLINICAL-VISAO-001,/analises/bases-clinicas/,/analises/bases-clinicas/,visao-geral,painel-gsds/src/pages/analises/bases-clinicas/index.astro,h2 + p + ul,both,default,"Uma família de doenças, não um diagnóstico final | As glicogenoses (GSDs) são um grupo heterogêneo de doenças metabólicas hereditárias causadas por defeitos em enzimas ou transportadores da síntese, degradação ou utilização do glicogênio. Mais de 20 tipos e subtipos são reconhecidos. | Glicogenose não é um diagnóstico final: o tipo molecular orienta prognóstico e manejo. | O fenótipo forma um contínuo — da vida fetal à adulta, com gravidade variável. | Diagnóstico e tratamento precoces alteram a história natural.",factual,3,COPY-CLINICAL-VISAO-001.C01 | COPY-CLINICAL-VISAO-001.C02 | COPY-CLINICAL-VISAO-001.C03,EV-SOT-MED-001 | EV-CLAIM-CLM-CLINICAL-001,supported,NONE,keep,NONE,NONE,NONE
COPY-CLINICAL-PATH-001,/analises/bases-clinicas/,/analises/bases-clinicas/,metabolismo,painel-gsds/src/data/clinical/pathway.json,h2 page + pathway.summary,both,default,"Papel do glicogênio e onde a via falha | Defeitos em enzimas ou transportadores da síntese, degradação ou utilização do glicogênio alteram reservas e a capacidade de disponibilizar glicose ou energia.",factual,1,COPY-CLINICAL-PATH-001.C01,EV-SOT-MED-001 | EV-CLAIM-CLM-CLINICAL-003,supported,NONE,keep,NONE,NONE,NONE
COPY-CLINICAL-PATH-002,/analises/bases-clinicas/,/analises/bases-clinicas/,metabolismo,painel-gsds/src/data/clinical/pathway.json,path-step-defect,both,default,"Defeito na via | Defeitos em enzimas ou transportadores envolvidos na síntese, degradação ou utilização do glicogênio.",factual,1,COPY-CLINICAL-PATH-002.C01,EV-SOT-MED-001 | EV-CLAIM-CLM-CLINICAL-003,supported,NONE,keep,NONE,NONE,NONE
COPY-CLINICAL-PATH-003,/analises/bases-clinicas/,/analises/bases-clinicas/,metabolismo,painel-gsds/src/data/clinical/pathway.json,path-step-glycogen-state,both,default,"Alteração das reservas | Conforme a etapa afetada, pode haver armazenamento excessivo ou estruturalmente anormal, ou redução das reservas — como na GSD 0.",factual,1,COPY-CLINICAL-PATH-003.C01,EV-SOT-MED-001 | EV-CLAIM-CLM-CLINICAL-003,supported,NONE,keep,NONE,NONE,NONE
COPY-CLINICAL-PATH-004,/analises/bases-clinicas/,/analises/bases-clinicas/,metabolismo,painel-gsds/src/data/clinical/pathway.json,path-step-energy-glucose,both,default,Disponibilização inadequada | Incapacidade de disponibilizar glicose ou energia adequadamente durante jejum ou exercício.,factual,1,COPY-CLINICAL-PATH-004.C01,EV-SOT-MED-001 | EV-CLAIM-CLM-CLINICAL-003,supported,NONE,keep,NONE,NONE,NONE
COPY-CLINICAL-PATH-005,/analises/bases-clinicas/,/analises/bases-clinicas/,metabolismo,painel-gsds/src/data/clinical/pathway.json,path-step-organ-effects,both,default,"Efeitos nos órgãos | Fígado e músculo esquelético são os órgãos mais frequentemente afetados; coração, rins, intestino, sistema nervoso e células hematopoiéticas também podem estar envolvidos.",factual,1,COPY-CLINICAL-PATH-005.C01,EV-SOT-MED-001 | EV-CLAIM-CLM-CLINICAL-003,supported,NONE,keep,NONE,NONE,NONE
COPY-CLINICAL-PATH-006,/analises/bases-clinicas/,/analises/bases-clinicas/,metabolismo,painel-gsds/src/data/clinical/pathway.json,caveat + fonte line,both,default,"Os padrões clínicos variam: o fenótipo forma um contínuo e a mesma doença pode apresentar gravidade e órgãos envolvidos muito diferentes; agrupamentos hepático, muscular e multissistêmico são pedagógicos. | Fonte: síntese médica · Lógica fisiopatológica e apresentação clínica",caveat,1,COPY-CLINICAL-PATH-006.C01,EV-SOT-MED-001 | EV-CLAIM-CLM-CLINICAL-002,supported,NONE,keep,NONE,NONE,NONE
COPY-CLINICAL-PATTERN-001,/analises/bases-clinicas/,/analises/bases-clinicas/,padroes-clinicos,painel-gsds/src/data/clinical/clinical-patterns.json,pattern-hepatic,both,default,"Formas predominantemente hepáticas | A deficiência compromete a manutenção da glicemia durante o jejum. O padrão típico combina hepatomegalia, hipoglicemia, atraso de crescimento, hipertransaminasemia e dislipidemia. A presença de cetose, lactato elevado, hiperuricemia, neutropenia ou fibrose ajuda a distinguir os tipos. | Exemplos na síntese: | GSD I, GSD III, GSD VI, GSD IX | Exemplos centrais diferem substancialmente em gravidade e complicações.",factual,1,COPY-CLINICAL-PATTERN-001.C01,EV-SOT-MED-001 | EV-CLAIM-CLM-CLINICAL-002,supported,NONE,keep,NONE,NONE,NONE
COPY-CLINICAL-PATTERN-002,/analises/bases-clinicas/,/analises/bases-clinicas/,padroes-clinicos,painel-gsds/src/data/clinical/clinical-patterns.json,pattern-muscular,both,default,"Formas predominantemente musculares | O defeito limita a produção de energia durante o exercício. Sinais característicos incluem intolerância ao esforço, fadiga, dor, cãibras, fraqueza, elevação de creatinoquinase, rabdomiólise e mioglobinúria. Na GSD V, o fenômeno de second wind é particularmente sugestivo. | Exemplos na síntese: | GSD V, GSD VII, GSD X, GSD XII, GSD XIII, algumas formas de GSD IX | Algumas formas de GSD IX pertencem a este grupo sem detalhamento adicional na síntese.",factual,1,COPY-CLINICAL-PATTERN-002.C01,EV-SOT-MED-001 | EV-CLAIM-CLM-CLINICAL-002,supported,NONE,keep,NONE,NONE,NONE
COPY-CLINICAL-PATTERN-003,/analises/bases-clinicas/,/analises/bases-clinicas/,padroes-clinicos,painel-gsds/src/data/clinical/clinical-patterns.json,pattern-multisystemic,both,default,"Formas multissistêmicas | Não se encaixam na divisão simples hepática/muscular. A doença de Pompe é simultaneamente glicogenose e doença de depósito lisossômico, com comprometimento de músculos esquelético, respiratório e cardíaco. A GSD IV varia de doença hepática progressiva na infância a doença neurodegenerativa de início adulto. A síndrome de Fanconi–Bickel combina armazenamento hepatorrenal com tubulopatia proximal por deficiência do transportador GLUT2. | Exemplos na síntese: | GSD II — Pompe, GSD IV — Andersen, Síndrome de Fanconi–Bickel | Formas multissistêmicas ilustram contínuos fenotípicos; não esgotam todas as GSDs.",factual,1,COPY-CLINICAL-PATTERN-003.C01,EV-SOT-MED-001 | EV-CLAIM-CLM-CLINICAL-002,supported,NONE,keep,NONE,NONE,NONE
COPY-CLINICAL-PATTERN-H2,/analises/bases-clinicas/,/analises/bases-clinicas/,padroes-clinicos,painel-gsds/src/pages/analises/bases-clinicas/index.astro,h2 padroes-title,both,default,"Padrões hepático, muscular e multissistêmico",editorial,0,NONE,N/A_NOT_FACTUAL,supported,NONE,keep,NONE,NONE,NONE
COPY-CLINICAL-EXPLORER-001,/analises/bases-clinicas/,/analises/bases-clinicas/,tipos-e-subtipos,painel-gsds/src/pages/analises/bases-clinicas/index.astro,h2 + intro,both,default,Classificação essencial: tipos e subtipos | Recorte da classificação essencial da síntese médica. Não é inventário exaustivo de todas as GSDs existentes; a nomenclatura histórica não é uniforme.,metodologia,1,COPY-CLINICAL-EXPLORER-001.C01,EV-SOT-MED-001 | EV-CLAIM-CLM-CLINICAL-004,supported,NONE,keep,NONE,NONE,NONE
COPY-CLINICAL-EXPLORER-002,/analises/bases-clinicas/,/analises/bases-clinicas/,tipos-e-subtipos,painel-gsds/src/components/clinical/GSDExplorer.tsx,filter + search labels,both,default,"Filtrar por padrão clínico | Todos | Hepático | Muscular | Multissistêmico | Buscar por nome, gene ou característica",UI,0,NONE,N/A_NOT_FACTUAL,supported,NONE,keep,NONE,NONE,NONE
COPY-CLINICAL-EXPLORER-003,/analises/bases-clinicas/,/analises/bases-clinicas/,tipos-e-subtipos,painel-gsds/src/components/clinical/GSDExplorer.tsx,search placeholder,both,default,"Ex.: Pompe, PYGM, second wind",UI,0,NONE,N/A_NOT_FACTUAL,supported,NONE,keep,NONE,NONE,NONE
COPY-CLINICAL-EXPLORER-004,/analises/bases-clinicas/,/analises/bases-clinicas/,tipos-e-subtipos,painel-gsds/src/components/clinical/GSDExplorer.tsx,count template,both,default,{filtered} de {total} condições na classificação essencial da síntese médica. | 13 de 13 condições na classificação essencial da síntese médica.,UI,1,COPY-CLINICAL-EXPLORER-004.C01,EV-SOT-MED-001 | EV-CLAIM-CLM-CLINICAL-004,supported,NONE,keep,NONE,NONE,Runtime default do JSON de produção: 13/13. Instâncias filtradas continuam no template.
COPY-CLINICAL-EXPLORER-005,/analises/bases-clinicas/,/analises/bases-clinicas/,tipos-e-subtipos,painel-gsds/src/components/clinical/GSDExplorer.tsx,empty filter status,source,filtered.length === 0,Nenhuma GSD corresponde aos filtros.,UI,0,NONE,N/A_NOT_FACTUAL,supported,NONE,keep,NONE,NONE,NONE
COPY-CLINICAL-EXPLORER-006,/analises/bases-clinicas/,/analises/bases-clinicas/,tipos-e-subtipos,painel-gsds/src/components/clinical/GSDExplorer.tsx,card template,both,default,{preferredName} | Gene: | {gene} | Proteína/enzima: | {proteinOrEnzyme} | Padrão: | {pattern} | {distinctiveFeatures} | Órgãos descritos na síntese: | {organs} | .,factual,1,COPY-CLINICAL-EXPLORER-006.C01,EV-SOT-MED-001 | EV-CLAIM-CLM-CLINICAL-004,supported,NONE,keep,NONE,NONE,"Instâncias (13 preferredName, gene, proteinOrEnzyme, distinctiveFeatures, organs) são registros da classificação essencial, representadas por este template — não como 13 COPY_IDs. Campos visíveis: Gene, Proteína/enzima, Padrão, Órgãos descritos na síntese. Chrome literal com | . O cartão GSD X–XV omite Proteína/enzima. Instâncias dos 13 registros continuam no template, não como COPY_ID."
COPY-CLINICAL-NOM-001,/analises/bases-clinicas/,/analises/bases-clinicas/,nomenclatura,painel-gsds/src/data/clinical/nomenclature.json,h2 + summary,both,default,Por que os nomes mudam | A classificação histórica por algarismos romanos tornou-se insuficiente à medida que genes e mecanismos foram identificados; a prática contemporânea privilegia gene e tecido.,factual,1,COPY-CLINICAL-NOM-001.C01,EV-SOT-MED-001 | EV-CLAIM-CLM-CLINICAL-005,supported,NONE,keep,NONE,NONE,NONE
COPY-CLINICAL-NOM-002,/analises/bases-clinicas/,/analises/bases-clinicas/,nomenclatura,painel-gsds/src/data/clinical/nomenclature.json,nom-ic-id-to-ib,both,default,"GSD Ic e Id → GSD Ib | No sistema antigo, GSD Ic e Id foram propostas como defeitos separados de transporte de fosfato e glicose no retículo endoplasmático; estudos moleculares mostraram que a maioria desses casos correspondia à GSD Ib. Na prática contemporânea, GSD I é dividida principalmente em Ia (G6PC1) e Ib (SLC37A4).",factual,1,COPY-CLINICAL-NOM-002.C01,EV-SOT-MED-001 | EV-CLAIM-CLM-CLINICAL-005,supported,NONE,keep,NONE,NONE,NONE
COPY-CLINICAL-NOM-003,/analises/bases-clinicas/,/analises/bases-clinicas/,nomenclatura,painel-gsds/src/data/clinical/nomenclature.json,nom-phk-reorg,both,default,"Reorganização da fosforilase-quinase | Houve reorganização das antigas GSD VIa, VIII, IX e X associadas à fosforilase-quinase. Atualmente, é mais informativo identificar a subunidade e o gene — por exemplo, GSD IX α2 por PHKA2 — do que depender somente da numeração histórica.",factual,1,COPY-CLINICAL-NOM-003.C01,EV-SOT-MED-001 | EV-CLAIM-CLM-CLINICAL-005,supported,NONE,keep,NONE,NONE,NONE
COPY-CLINICAL-NOM-004,/analises/bases-clinicas/,/analises/bases-clinicas/,nomenclatura,painel-gsds/src/data/clinical/nomenclature.json,nom-gsd-xi-ambiguity,both,default,Ambiguidade de “GSD XI” | A literatura já utilizou “GSD XI” tanto para deficiência de LDHA quanto para síndrome de Fanconi–Bickel; Hannah et al. (2023) reservam GSD XI para deficiência de LDHA e tratam Fanconi–Bickel separadamente.,factual,1,COPY-CLINICAL-NOM-004.C01,EV-SOT-MED-001 | EV-CLAIM-CLM-CLINICAL-005,supported,NONE,keep,NONE,NONE,NONE
COPY-CLINICAL-NOM-005,/analises/bases-clinicas/,/analises/bases-clinicas/,nomenclatura,painel-gsds/src/pages/analises/bases-clinicas/index.astro,timeline caveat,both,default,"Sem datas inventadas: a linha do tempo é editorial e segue a narrativa da síntese médica, não um calendário externo.",caveat,1,COPY-CLINICAL-NOM-005.C01,EV-SOT-MED-001 | EV-CLAIM-CLM-CLINICAL-005,supported,NONE,keep,NONE,NONE,NONE
COPY-CLINICAL-ORG-001,/analises/bases-clinicas/,/analises/bases-clinicas/,orgaos,painel-gsds/src/pages/analises/bases-clinicas/index.astro,h2 + p,both,default,Envolvimentos de órgãos explicitamente descritos | Matriz representativa — apenas órgãos mencionados na síntese médica. Células vazias não significam ausência clínica.,metodologia,1,COPY-CLINICAL-ORG-001.C01,EV-SOT-MED-001 | EV-CLAIM-CLM-CLINICAL-004,supported,NONE,keep,NONE,NONE,NONE
COPY-CLINICAL-ORG-002,/analises/bases-clinicas/,/analises/bases-clinicas/,orgaos,painel-gsds/src/pages/analises/bases-clinicas/index.astro,table headers + aria-label,both,default,Matriz de órgãos | Condição | Órgãos descritos | Estado na síntese,UI,0,NONE,N/A_NOT_FACTUAL,supported,NONE,keep,NONE,NONE,NONE
COPY-CLINICAL-ORG-003,/analises/bases-clinicas/,/analises/bases-clinicas/,orgaos,painel-gsds/src/pages/analises/bases-clinicas/index.astro,ORGAN_STATE_LABEL + fallbacks,both,default,Característica | Variável | Não descrito na síntese | Não detalhado além do padrão clínico na síntese,UI,0,NONE,N/A_NOT_FACTUAL,supported,NONE,keep,NONE,NONE,NONE
COPY-CLINICAL-EPI-001,/analises/bases-clinicas/,/analises/bases-clinicas/,epidemiologia,painel-gsds/src/data/clinical/epidemiology.json,h2 + guardrail,both,default,"O que os números permitem — e o que não permitem | Incidência, prevalência clínica e prevalência genética predita não devem ser tratadas como medidas equivalentes. A raridade, o subdiagnóstico, os fenótipos atenuados, a mudança de critérios diagnósticos e a ausência de registros sustentáveis limitam estimativas confiáveis.",metodologia,1,COPY-CLINICAL-EPI-001.C01,EV-SOT-MED-001 | EV-CLAIM-CLM-CLINICAL-006,supported,NONE,keep,NONE,NONE,NONE
COPY-CLINICAL-EPI-002,/analises/bases-clinicas/,/analises/bases-clinicas/,epidemiologia,painel-gsds/src/data/clinical/epidemiology.json,epi-gsd-i,both,default,GSD I: | ≈ 1 em 100.000 (incidência); cerca de 80% Ia e 20% Ib · Incidência aproximada; proporção Ia/Ib conforme síntese médica | — Estimativa ilustrativa da heterogeneidade; não é prevalência clínica nem genética predita.,factual,1,COPY-CLINICAL-EPI-002.C01,EV-SOT-MED-001 | EV-CLAIM-CLM-CLINICAL-006,supported,NONE,keep,NONE,NONE,NONE
COPY-CLINICAL-EPI-003,/analises/bases-clinicas/,/analises/bases-clinicas/,epidemiologia,painel-gsds/src/data/clinical/epidemiology.json,epi-pompe,both,default,Pompe (GSD II): | Histórica ≈ 1 em 40.000; genética populacional ≈ 1 em 23.232 · Estimativa histórica de incidência/frequência versus prevalência genética predita | — Estimativa histórica e análise de genética populacional medem coisas diferentes e não devem ser fundidas.,factual,1,COPY-CLINICAL-EPI-003.C01,EV-SOT-MED-001 | EV-CLAIM-CLM-CLINICAL-006,supported,NONE,keep,NONE,NONE,NONE
COPY-CLINICAL-EPI-004,/analises/bases-clinicas/,/analises/bases-clinicas/,epidemiologia,painel-gsds/src/data/clinical/epidemiology.json,epi-gsd-iii,both,default,"GSD III: | ≈ 1 em 100.000 (prevalência); cerca de 85% IIIa e 15% IIIb · Prevalência aproximada e proporção de subtipos | — Prevalências muito superiores em populações específicas (ex.: Inuit de Nunavik, Ilhas Faroé, judeus norte-africanos) não generalizam a média global.",factual,1,COPY-CLINICAL-EPI-004.C01,EV-SOT-MED-001 | EV-CLAIM-CLM-CLINICAL-006,supported,NONE,keep,NONE,NONE,NONE
COPY-CLINICAL-EPI-005,/analises/bases-clinicas/,/analises/bases-clinicas/,epidemiologia,painel-gsds/src/data/clinical/epidemiology.json,epi-gsd-iv,both,default,GSD IV: | ≈ 1 em 600.000–800.000 · Estimativa aproximada reportada na síntese médica | — Faixa ampla; elevada incerteza epidemiológica do campo.,factual,1,COPY-CLINICAL-EPI-005.C01,EV-SOT-MED-001 | EV-CLAIM-CLM-CLINICAL-006,supported,NONE,keep,NONE,NONE,NONE
COPY-CLINICAL-EPI-006,/analises/bases-clinicas/,/analises/bases-clinicas/,epidemiologia,painel-gsds/src/data/clinical/epidemiology.json,epi-gsd-vi-ix,both,default,GSD VI e deficiência hepática de fosforilase-quinase: | Melhores estimativas próximas de 1 em 100.000 · Estimativas aproximadas com elevada incerteza | — A síntese assinala elevada incerteza para essas estimativas.,factual,1,COPY-CLINICAL-EPI-006.C01,EV-SOT-MED-001 | EV-CLAIM-CLM-CLINICAL-006,supported,NONE,keep,NONE,NONE,NONE
COPY-CLINICAL-DX-001,/analises/bases-clinicas/,/analises/bases-clinicas/,diagnostico,painel-gsds/src/data/clinical/diagnosis.json,h2 + summary,both,default,"Jornada diagnóstica (não é algoritmo clínico) | O diagnóstico moderno combina fenótipo, biomarcadores, imagem e genética molecular. A investigação deve começar pelo padrão predominante e ser direcionada pelas alterações metabólicas. Isto não é um algoritmo clínico.",factual,1,COPY-CLINICAL-DX-001.C01,EV-SOT-MED-001 | EV-CLAIM-CLM-CLINICAL-007,supported,NONE,keep,NONE,NONE,NONE
COPY-CLINICAL-DX-002,/analises/bases-clinicas/,/analises/bases-clinicas/,diagnostico,painel-gsds/src/data/clinical/diagnosis.json,disclaimer stripped of generic prefix,both,default,Não constitui algoritmo diagnóstico.,notice,1,COPY-CLINICAL-DX-002.C01,EV-SOT-MED-001 | EV-CLAIM-CLM-CLINICAL-007,supported,NONE,keep,NONE,NONE,NONE
COPY-CLINICAL-DX-003,/analises/bases-clinicas/,/analises/bases-clinicas/,diagnostico,painel-gsds/src/data/clinical/diagnosis.json,dx-alert-signs,both,default,"Sinais de alerta | Hipoglicemia de jejum (especialmente com hepatomegalia); lactato, triglicerídeos ou ácido úrico elevados; hipertransaminasemia persistente sem explicação; intolerância ao exercício, cãibras, fraqueza, CK elevada ou rabdomiólise; cardiomiopatia hipertrófica ou insuficiência respiratória neuromuscular; associação entre doença hepática, renal, intestinal, hematológica ou neurológica.",factual,1,COPY-CLINICAL-DX-003.C01,EV-SOT-MED-001 | EV-CLAIM-CLM-CLINICAL-007,supported,NONE,keep,NONE,NONE,NONE
COPY-CLINICAL-DX-004,/analises/bases-clinicas/,/analises/bases-clinicas/,diagnostico,painel-gsds/src/data/clinical/diagnosis.json,dx-biochem,both,default,"Testes bioquímicos | Glicemia, cetonas, lactato, perfil lipídico, ácido úrico, transaminases, CK, função renal e marcadores específicos escolhidos conforme a hipótese ajudam a definir o mecanismo.",factual,1,COPY-CLINICAL-DX-004.C01,EV-SOT-MED-001 | EV-CLAIM-CLM-CLINICAL-007,supported,NONE,keep,NONE,NONE,NONE
COPY-CLINICAL-DX-005,/analises/bases-clinicas/,/analises/bases-clinicas/,diagnostico,painel-gsds/src/data/clinical/diagnosis.json,dx-imaging,both,default,"Imagem e avaliações funcionais | Ultrassonografia e ressonância avaliam fígado, adenomas, fibrose e outros órgãos; eletrocardiograma, ecocardiograma, testes respiratórios e avaliações funcionais são importantes nas formas musculares e cardíacas.",factual,1,COPY-CLINICAL-DX-005.C01,EV-SOT-MED-001 | EV-CLAIM-CLM-CLINICAL-007,supported,NONE,keep,NONE,NONE,NONE
COPY-CLINICAL-DX-006,/analises/bases-clinicas/,/analises/bases-clinicas/,diagnostico,painel-gsds/src/data/clinical/diagnosis.json,dx-genetics,both,default,"Genética molecular | O teste genético tornou-se a principal ferramenta confirmatória. Quando o fenótipo é altamente específico, pode-se testar um gene; diante de sobreposição clínica, painéis multigênicos, exoma ou genoma são mais eficientes.",factual,1,COPY-CLINICAL-DX-006.C01,EV-SOT-MED-001 | EV-CLAIM-CLM-CLINICAL-007,supported,NONE,keep,NONE,NONE,NONE
COPY-CLINICAL-DX-007,/analises/bases-clinicas/,/analises/bases-clinicas/,diagnostico,painel-gsds/src/data/clinical/diagnosis.json,dx-enzyme,both,default,"Dosagem enzimática | Continua relevante, particularmente em Pompe e quando variantes genéticas têm interpretação incerta.",factual,1,COPY-CLINICAL-DX-007.C01,EV-SOT-MED-001 | EV-CLAIM-CLM-CLINICAL-007,supported,NONE,keep,NONE,NONE,NONE
COPY-CLINICAL-DX-008,/analises/bases-clinicas/,/analises/bases-clinicas/,diagnostico,painel-gsds/src/data/clinical/diagnosis.json,dx-biopsy-reserved,both,default,"Biópsia reservada | Biópsia hepática ou muscular, antes central, hoje é reservada para casos não resolvidos ou para responder a questões histológicas específicas.",factual,1,COPY-CLINICAL-DX-008.C01,EV-SOT-MED-001 | EV-CLAIM-CLM-CLINICAL-007,supported,NONE,keep,NONE,NONE,NONE
COPY-CLINICAL-DX-009,/analises/bases-clinicas/,/analises/bases-clinicas/,diagnostico,painel-gsds/src/data/clinical/diagnosis.json,dx-nbs-pompe,both,default,"Triagem neonatal para Pompe | Permite reconhecer casos antes da instalação de dano irreversível, embora sua implantação e interpretação ainda variem entre locais.",factual,1,COPY-CLINICAL-DX-009.C01,EV-SOT-MED-001 | EV-CLAIM-CLM-CLINICAL-007,supported,NONE,keep,NONE,NONE,NONE
COPY-CLINICAL-MGMT-001,/analises/bases-clinicas/,/analises/bases-clinicas/,manejo,painel-gsds/src/data/clinical/management.json,h2 + summary,both,default,"Eixos de manejo atual | O tratamento é específico para cada GSD e exige acompanhamento multidisciplinar. O objetivo transversal é evitar crises metabólicas, preservar órgãos e antecipar complicações crônicas.",factual,1,COPY-CLINICAL-MGMT-001.C01,EV-SOT-MED-001 | EV-CLAIM-CLM-CLINICAL-008,supported,NONE,keep,NONE,NONE,NONE
COPY-CLINICAL-MGMT-002,/analises/bases-clinicas/,/analises/bases-clinicas/,manejo,painel-gsds/src/data/clinical/management.json,disclaimer stripped,both,default,Não constitui orientação terapêutica individual.,notice,1,COPY-CLINICAL-MGMT-002.C01,EV-SOT-MED-001 | EV-CLAIM-CLM-CLINICAL-008,supported,NONE,keep,NONE,NONE,NONE
COPY-CLINICAL-MGMT-003,/analises/bases-clinicas/,/analises/bases-clinicas/,manejo,painel-gsds/src/data/clinical/management.json,mgmt-hepatic,both,default,"GSDs hepáticas | A base do tratamento é evitar jejum e manter glicemia estável com refeições programadas, carboidratos de liberação lenta e, em várias doenças, amido de milho cru. A composição da dieta varia; planos de emergência para doença intercorrente, cirurgia ou incapacidade de alimentação são essenciais. O controle metabólico reduz crises e melhora crescimento, mas não elimina todas as complicações. Na GSD I, é necessária vigilância de rins, pressão arterial, ossos e lesões hepáticas; adenomas podem surgir principalmente após a puberdade. Transplante hepático é reservado para situações como controle refratário, adenomas de alto risco, carcinoma, cirrose ou falência hepática — corrige o defeito metabólico hepático, mas pode não prevenir ou reverter integralmente doença renal e manifestações extra-hepáticas. Na GSD Ib, a empagliflozina (inibidor de SGLT2) reduz o metabólito tóxico 1,5-anidroglucitol-6-fosfato nos neutrófilos; estudos reunidos em 2023–2024 mostram melhora de neutropenia, função neutrofílica, infecções e manifestações intestinais, exigindo supervisão especializada.",factual,1,COPY-CLINICAL-MGMT-003.C01,EV-SOT-MED-001 | EV-CLAIM-CLM-CLINICAL-008,supported,NONE,keep,NONE,NONE,NONE
COPY-CLINICAL-MGMT-004,/analises/bases-clinicas/,/analises/bases-clinicas/,manejo,painel-gsds/src/data/clinical/management.json,mgmt-pompe,both,default,"Doença de Pompe | A reposição enzimática transformou a história natural da doença de Pompe. A alglucosidase alfa prolonga sobrevida, reduz cardiomiopatia e melhora desfechos motores, sobretudo quando iniciada precocemente; formulações de nova geração, como avalglucosidase alfa, buscam aumentar a captação celular. Apesar dos benefícios, a reposição enzimática não é curativa: requer infusões repetidas e pode apresentar resposta incompleta no músculo esquelético, além de reações infusionais e imunogenicidade. Monitoramento cardíaco, respiratório, motor, nutricional e reabilitação permanecem necessários.",factual,1,COPY-CLINICAL-MGMT-004.C01,EV-SOT-MED-001 | EV-CLAIM-CLM-CLINICAL-008,supported,NONE,keep,NONE,NONE,NONE
COPY-CLINICAL-MGMT-005,/analises/bases-clinicas/,/analises/bases-clinicas/,manejo,painel-gsds/src/data/clinical/management.json,mgmt-muscular,both,default,"GSDs musculares | O manejo combina prevenção de rabdomiólise, exercício individualizado e estratégias nutricionais específicas. Inatividade completa é indesejável: treinamento aeróbico gradual e supervisionado pode melhorar capacidade oxidativa e tolerância. Na GSD V, aquecimento prolongado e reconhecimento do second wind ajudam a reduzir crises; ingestão de sacarose antes do exercício pode melhorar desempenho em situações selecionadas. Essa estratégia de sacarose pré-esforço não deve ser extrapolada à GSD VII, na qual carboidrato antes do esforço pode piorar a tolerância — o chamado out-of-wind phenomenon.",factual,1,COPY-CLINICAL-MGMT-005.C01,EV-SOT-MED-001 | EV-CLAIM-CLM-CLINICAL-008,supported,NONE,keep,NONE,NONE,NONE
COPY-CLINICAL-MGMT-006,/analises/bases-clinicas/,/analises/bases-clinicas/,manejo,painel-gsds/src/pages/analises/bases-clinicas/index.astro,ERT caveat,both,default,"Tratamento não é sinônimo de cura. A reposição enzimática em Pompe, por exemplo, não é curativa segundo a síntese médica.",caveat,1,COPY-CLINICAL-MGMT-006.C01,EV-SOT-MED-001 | EV-CLAIM-CLM-CLINICAL-008,supported,NONE,keep,NONE,NONE,NONE
COPY-CLINICAL-TX-001,/analises/bases-clinicas/,/analises/bases-clinicas/,terapias-emergentes,painel-gsds/src/data/clinical/therapy-horizon.json,h2 + summary,both,default,"Horizonte terapêutico | Terapia gênica e edição genômica procuram corrigir a deficiência de maneira mais duradoura e reduzir a dependência de dieta ou reposição enzimática. Vetores adeno-associados (AAV) são a plataforma mais avançada, com estudos pré-clínicos em GSD I, Pompe, III, IV e V.",factual,1,COPY-CLINICAL-TX-001.C01,EV-SOT-MED-001 | EV-CLAIM-CLM-CLINICAL-009,supported,NONE,keep,NONE,NONE,NONE
COPY-CLINICAL-TX-002,/analises/bases-clinicas/,/analises/bases-clinicas/,terapias-emergentes,painel-gsds/src/data/clinical/therapy-horizon.json,datedQualifier,both,default,Estágios refletem a situação reportada por Koeberl et al. (2024) e não devem ser interpretados como status regulatório atual.,caveat,1,COPY-CLINICAL-TX-002.C01,EV-SOT-MED-001 | EV-CLAIM-CLM-CLINICAL-009,supported,NONE,keep,NONE,NONE,NONE
COPY-CLINICAL-TX-003,/analises/bases-clinicas/,/analises/bases-clinicas/,terapias-emergentes,painel-gsds/src/data/clinical/therapy-horizon.json,tx-gene-gsd-ia,both,default,"Terapia gênica — GSD Ia: | Segundo Koeberl et al. (2024), a terapia gênica para GSD Ia havia avançado de um estudo de fase I/II com reposição de G6PC1 por AAV8 para um ensaio de fase III.",factual,1,COPY-CLINICAL-TX-003.C01,EV-SOT-MED-001 | EV-CLAIM-CLM-CLINICAL-009,supported,NONE,keep,NONE,NONE,NONE
COPY-CLINICAL-TX-004,/analises/bases-clinicas/,/analises/bases-clinicas/,terapias-emergentes,painel-gsds/src/data/clinical/therapy-horizon.json,tx-gene-pompe,both,default,"Terapia gênica — Pompe: | Em Pompe, estudos iniciais avaliavam estratégias hepáticas capazes de secretar GAA e abordagens direcionadas ao músculo (status conforme Koeberl et al., 2024).",factual,1,COPY-CLINICAL-TX-004.C01,EV-SOT-MED-001 | EV-CLAIM-CLM-CLINICAL-009,supported,NONE,keep,NONE,NONE,NONE
COPY-CLINICAL-TX-005,/analises/bases-clinicas/,/analises/bases-clinicas/,terapias-emergentes,painel-gsds/src/data/clinical/therapy-horizon.json,tx-genome-editing,both,default,"Edição genômica: | Pode oferecer expressão mais estável por integrar ou corrigir a sequência no DNA cromossômico, mas introduz riscos próprios, incluindo alterações fora do alvo e efeitos de quebras de dupla fita. Abordagens promissoras, porém dependentes de comprovação de durabilidade e segurança em longo prazo.",factual,1,COPY-CLINICAL-TX-005.C01,EV-SOT-MED-001 | EV-CLAIM-CLM-CLINICAL-009,supported,NONE,keep,NONE,NONE,NONE
COPY-CLINICAL-TX-006,/analises/bases-clinicas/,/analises/bases-clinicas/,terapias-emergentes,painel-gsds/src/pages/analises/bases-clinicas/index.astro,h3 Obstáculos reportados,both,default,Obstáculos reportados,UI,0,NONE,N/A_NOT_FACTUAL,supported,NONE,keep,NONE,NONE,NONE
COPY-CLINICAL-TX-OBS-001,/analises/bases-clinicas/,/analises/bases-clinicas/,terapias-emergentes,painel-gsds/src/data/clinical/therapy-horizon.json,obs-transgene-loss,both,default,"Perda de expressão do transgene, especialmente quando o fígado cresce após tratamento precoce.",factual,1,COPY-CLINICAL-TX-OBS-001.C01,EV-SOT-MED-001 | EV-CLAIM-CLM-CLINICAL-009,supported,NONE,keep,NONE,NONE,NONE
COPY-CLINICAL-TX-OBS-002,/analises/bases-clinicas/,/analises/bases-clinicas/,terapias-emergentes,painel-gsds/src/data/clinical/therapy-horizon.json,obs-immune,both,default,Respostas imunes ao capsídeo viral ou ao produto do transgene.,factual,1,COPY-CLINICAL-TX-OBS-002.C01,EV-SOT-MED-001 | EV-CLAIM-CLM-CLINICAL-009,supported,NONE,keep,NONE,NONE,NONE
COPY-CLINICAL-TX-OBS-003,/analises/bases-clinicas/,/analises/bases-clinicas/,terapias-emergentes,painel-gsds/src/data/clinical/therapy-horizon.json,obs-high-dose,both,default,Necessidade de doses elevadas para alcançar músculo esquelético e coração.,factual,1,COPY-CLINICAL-TX-OBS-003.C01,EV-SOT-MED-001 | EV-CLAIM-CLM-CLINICAL-009,supported,NONE,keep,NONE,NONE,NONE
COPY-CLINICAL-TX-OBS-004,/analises/bases-clinicas/,/analises/bases-clinicas/,terapias-emergentes,painel-gsds/src/data/clinical/therapy-horizon.json,obs-preexisting-abs,both,default,Anticorpos preexistentes que podem impedir o tratamento ou a redosagem.,factual,1,COPY-CLINICAL-TX-OBS-004.C01,EV-SOT-MED-001 | EV-CLAIM-CLM-CLINICAL-009,supported,NONE,keep,NONE,NONE,NONE
COPY-CLINICAL-TX-OBS-005,/analises/bases-clinicas/,/analises/bases-clinicas/,terapias-emergentes,painel-gsds/src/data/clinical/therapy-horizon.json,obs-hepatotoxicity,both,default,Hepatotoxicidade e outras toxicidades relacionadas ao vetor.,factual,1,COPY-CLINICAL-TX-OBS-005.C01,EV-SOT-MED-001 | EV-CLAIM-CLM-CLINICAL-009,supported,NONE,keep,NONE,NONE,NONE
COPY-CLINICAL-TX-OBS-006,/analises/bases-clinicas/,/analises/bases-clinicas/,terapias-emergentes,painel-gsds/src/data/clinical/therapy-horizon.json,obs-integration,both,default,Risco teórico de integração genômica e tumorigenicidade.,factual,1,COPY-CLINICAL-TX-OBS-006.C01,EV-SOT-MED-001 | EV-CLAIM-CLM-CLINICAL-009,supported,NONE,keep,NONE,NONE,NONE
COPY-CLINICAL-TX-OBS-007,/analises/bases-clinicas/,/analises/bases-clinicas/,terapias-emergentes,painel-gsds/src/data/clinical/therapy-horizon.json,obs-multi-organ,both,default,Dificuldade de corrigir simultaneamente múltiplos órgãos.,factual,1,COPY-CLINICAL-TX-OBS-007.C01,EV-SOT-MED-001 | EV-CLAIM-CLM-CLINICAL-009,supported,NONE,keep,NONE,NONE,NONE
COPY-CLINICAL-GAP-001,/analises/bases-clinicas/,/analises/bases-clinicas/,lacunas,painel-gsds/src/data/clinical/clinical-gaps.json,h2 + summary publicClinicalText,both,default,Lacunas clínicas e prioridades | Principais necessidades do campo conforme a seção Lacunas e prioridades da síntese médica. Sem mapeamento a empresas ou produtos comerciais.,metodologia,1,COPY-CLINICAL-GAP-001.C01,EV-SOT-MED-001 | EV-CLAIM-CLM-CLINICAL-010,supported,NONE,keep,NONE,NONE,NONE
COPY-CLINICAL-GAP-002,/analises/bases-clinicas/,/analises/bases-clinicas/,lacunas,painel-gsds/src/data/clinical/clinical-gaps.json,gap-early-equitable-dx,both,default,1. Diagnóstico mais precoce e equitativo | — Maior acesso a genética e expansão criteriosa da triagem neonatal.,factual,1,COPY-CLINICAL-GAP-002.C01,EV-SOT-MED-001 | EV-CLAIM-CLM-CLINICAL-010,supported,NONE,keep,NONE,NONE,NONE
COPY-CLINICAL-GAP-003,/analises/bases-clinicas/,/analises/bases-clinicas/,lacunas,painel-gsds/src/data/clinical/clinical-gaps.json,gap-longitudinal-registries,both,default,"2. Registros longitudinais padronizados | — Capazes de estimar epidemiologia, história natural e desfechos em populações diversas.",factual,1,COPY-CLINICAL-GAP-003.C01,EV-SOT-MED-001 | EV-CLAIM-CLM-CLINICAL-010,supported,NONE,keep,NONE,NONE,NONE
COPY-CLINICAL-GAP-004,/analises/bases-clinicas/,/analises/bases-clinicas/,lacunas,painel-gsds/src/data/clinical/clinical-gaps.json,gap-patient-centered-outcomes,both,default,"3. Desfechos centrados no paciente | — Incluindo qualidade de vida, fadiga, carga dietética, impacto escolar/profissional e autonomia.",factual,1,COPY-CLINICAL-GAP-004.C01,EV-SOT-MED-001 | EV-CLAIM-CLM-CLINICAL-010,supported,NONE,keep,NONE,NONE,NONE
COPY-CLINICAL-GAP-005,/analises/bases-clinicas/,/analises/bases-clinicas/,lacunas,painel-gsds/src/data/clinical/clinical-gaps.json,gap-harmonized-surveillance,both,default,"4. Protocolos de vigilância harmonizados | — Especialmente para adenomas e carcinoma hepático, doença renal, fibrose, cardiomiopatia e insuficiência respiratória.",factual,1,COPY-CLINICAL-GAP-005.C01,EV-SOT-MED-001 | EV-CLAIM-CLM-CLINICAL-010,supported,NONE,keep,NONE,NONE,NONE
COPY-CLINICAL-GAP-006,/analises/bases-clinicas/,/analises/bases-clinicas/,lacunas,painel-gsds/src/data/clinical/clinical-gaps.json,gap-durable-multisystem-therapy,both,default,"5. Terapias multissistêmicas e duráveis | — Que ultrapassem as limitações de dieta, transplante e reposição enzimática.",factual,1,COPY-CLINICAL-GAP-006.C01,EV-SOT-MED-001 | EV-CLAIM-CLM-CLINICAL-010,supported,NONE,keep,NONE,NONE,NONE
COPY-CLINICAL-GAP-007,/analises/bases-clinicas/,/analises/bases-clinicas/,lacunas,painel-gsds/src/pages/analises/bases-clinicas/index.astro,no empresas caveat,both,default,"Sem empresas, rankings ou oportunidades comerciais nesta seção.",caveat,1,COPY-CLINICAL-GAP-007.C01,EV-SOT-MED-001 | EV-CLAIM-CLM-CLINICAL-010,supported,NONE,keep,NONE,NONE,NONE
COPY-CLINICAL-FOOT-001,/analises/bases-clinicas/,/analises/bases-clinicas/,limitacoes-e-fontes,painel-gsds/src/pages/analises/bases-clinicas/index.astro,EvidenceFooter limitations+source,both,default,"Esta página é síntese editorial da síntese médica; não é protocolo clínico. | Achados de um subtipo não se generalizam a todas as GSDs. | Ausência de órgão ou prevalência na matriz não significa ausência clínica. | Status de terapia emergente reflete o panorama datado da síntese médica, não atualização regulatória.",metodologia,4,COPY-CLINICAL-FOOT-001.C01 | COPY-CLINICAL-FOOT-001.C02 | COPY-CLINICAL-FOOT-001.C03 | COPY-CLINICAL-FOOT-001.C04,EV-SOT-MED-001 | EV-CLAIM-CLM-CLINICAL-009,supported,NONE,keep,NONE,NONE,NONE
COPY-SOCIO-SEO-001,/analises/impacto-socioeconomico/,/analises/impacto-socioeconomico/,seo,painel-gsds/src/pages/analises/impacto-socioeconomico/index.astro,title,both,default,Impacto socioeconômico das glicogenoses,SEO,0,NONE,N/A_NOT_FACTUAL,supported,NONE,keep,DUP-SOCIO-TITLE,NONE,NONE
COPY-SOCIO-SEO-002,/analises/impacto-socioeconomico/,/analises/impacto-socioeconomico/,seo,painel-gsds/src/pages/analises/impacto-socioeconomico/index.astro,description,both,default,"Carga sobre pacientes e cuidadores, camadas de custo, estrutura de mercado observada e limites da evidência brasileira.",SEO,1,COPY-SOCIO-SEO-002.C01,EV-SOT-SOC-001,supported,NONE,keep,NONE,NONE,NONE
COPY-SOCIO-CRUMB-001,/analises/impacto-socioeconomico/,/analises/impacto-socioeconomico/,breadcrumbs,painel-gsds/src/pages/analises/impacto-socioeconomico/index.astro,Breadcrumbs,both,default,Início | Análises | Impacto socioeconômico,UI,0,NONE,N/A_NOT_FACTUAL,supported,NONE,keep,NONE,NONE,NONE
COPY-SOCIO-HEADER-001,/analises/impacto-socioeconomico/,/analises/impacto-socioeconomico/,header,painel-gsds/src/pages/analises/impacto-socioeconomico/index.astro,ResearchHeader,both,default,"Análise socioeconômica | Impacto socioeconômico das glicogenoses | Carga sobre pacientes, cuidadores e sistemas de saúde — e o que o mercado observado realmente captura.",editorial,1,COPY-SOCIO-HEADER-001.C01,EV-SOT-SOC-001,supported,NONE,keep,DUP-SOCIO-TITLE,NONE,NONE
COPY-SOCIO-NAV-001,/analises/impacto-socioeconomico/,/analises/impacto-socioeconomico/,in-page-nav,painel-gsds/src/pages/analises/impacto-socioeconomico/index.astro,sections,both,default,Carga | Cuidador | Camadas de custo | Brasil | Segmentos | Dimensionamento | Lacunas | Limitações e fontes,UI,0,NONE,N/A_NOT_FACTUAL,supported,NONE,keep,NONE,NONE,NONE
COPY-SOCIO-BURDEN-001,/analises/impacto-socioeconomico/,/analises/impacto-socioeconomico/,carga,painel-gsds/src/data/socioeconomic/burden.json,title + summary,both,default,"Carga socioeconômica desigual | A carga das glicogenoses ultrapassa sintomas clínicos e incorpora manejo cotidiano, cuidado informal, restrição funcional e barreiras de acesso; a mensuração é desigual entre tipos.",factual,1,COPY-SOCIO-BURDEN-001.C01,EV-SOT-SOC-001 | EV-CLAIM-CLM-SOCIO-001,supported,NONE,keep,NONE,NONE,NONE
COPY-SOCIO-BURDEN-002,/analises/impacto-socioeconomico/,/analises/impacto-socioeconomico/,carga,painel-gsds/src/components/socioeconomic/BurdenOverview.astro,ACTOR_LABEL,both,default,Paciente | Sistema de saúde | Cuidador | Família,UI,0,NONE,N/A_NOT_FACTUAL,supported,NONE,keep,NONE,NONE,Runtime atual renderiza Paciente e Sistema de saúde. Cuidador e Família permanecem no mapa ACTOR_LABEL (source); o h2 de cuidador é COPY-SOCIO-CARE-001.
COPY-SOCIO-BURDEN-003,/analises/impacto-socioeconomico/,/analises/impacto-socioeconomico/,carga,painel-gsds/src/data/socioeconomic/burden.json,brd-hepatic-home-care,both,default,"GSDs hepáticas, especialmente GSD I. | Parte expressiva do tratamento ocorre no domicílio; a tolerância ao jejum pode ser de apenas 2 a 4 horas, exigindo administração recorrente de amido de milho cru e, em alguns casos, alimentação ou vigilância noturna. | Estado: Observado | Evidência destacada para GSD I; não generalizar a todas as GSDs hepáticas sem suporte adicional.",factual,1,COPY-SOCIO-BURDEN-003.C01,EV-SOT-SOC-001 | EV-CLAIM-CLM-SOCIO-003,supported,NONE,keep,NONE,NONE,NONE
COPY-SOCIO-BURDEN-004,/analises/impacto-socioeconomico/,/analises/impacto-socioeconomico/,carga,painel-gsds/src/data/socioeconomic/burden.json,brd-gsd-i-night-feeding,both,default,"GSD I — adultos alemães no estudo citado. | Entre adultos alemães com GSD I, 41,2% dependiam de alimentação enteral noturna e 60,6% relataram hipoglicemia noturna em seis meses. | Estado: Observado | Amostra e geografia específicas (adultos alemães); não é taxa universal de GSD I.",factual,1,COPY-SOCIO-BURDEN-004.C01,EV-SOT-SOC-001 | EV-CLAIM-CLM-SOCIO-003,supported,NONE,keep,NONE,NONE,NONE
COPY-SOCIO-BURDEN-005,/analises/impacto-socioeconomico/,/analises/impacto-socioeconomico/,carga,painel-gsds/src/data/socioeconomic/burden.json,brd-mcardle-delay,both,default,"GSD V — McArdle (estudo citado). | Atraso diagnóstico mediano de 29 anos, com 90% dos pacientes recebendo diagnóstico incorreto anteriormente; o custo pode se manifestar menos por hospitalização e mais por atraso diagnóstico, restrição laboral e perda de autonomia. | Estado: Observado | Achado específico de McArdle e do estudo; não é mediana universal das GSDs.",factual,1,COPY-SOCIO-BURDEN-005.C01,EV-SOT-SOC-001 | EV-CLAIM-CLM-SOCIO-003,supported,NONE,keep,NONE,NONE,NONE
COPY-SOCIO-BURDEN-006,/analises/impacto-socioeconomico/,/analises/impacto-socioeconomico/,carga,painel-gsds/src/data/socioeconomic/burden.json,brd-pompe-lopd-delay,both,default,"Pompe de início tardio. | Atrasos diagnósticos de aproximadamente 9 a 12 anos foram documentados; o diagnóstico tardio prolonga investigações, permite progressão funcional e posterga o acesso ao manejo apropriado. | Estado: Observado | Escopo restrito à forma de início tardio e aos estudos citados.",factual,1,COPY-SOCIO-BURDEN-006.C01,EV-SOT-SOC-001 | EV-CLAIM-CLM-SOCIO-003,supported,NONE,keep,NONE,NONE,NONE
COPY-SOCIO-BURDEN-007,/analises/impacto-socioeconomico/,/analises/impacto-socioeconomico/,carga,painel-gsds/src/data/socioeconomic/burden.json,brd-unequal-measurement,both,default,"GSD I, III, V e IX versus Pompe. | Para GSD I, III, V e IX, não foram localizadas estimativas comparáveis de horas de cuidado, perda de renda ou despertares noturnos. Essa ausência representa falta de mensuração, não ausência de impacto. | Estado: Evidência limitada | Ausência de mensuração não deve ser lida como ausência de carga.",factual,1,COPY-SOCIO-BURDEN-007.C01,EV-SOT-SOC-001 | EV-CLAIM-CLM-SOCIO-003,supported,NONE,keep,NONE,NONE,NONE
COPY-SOCIO-CARE-001,/analises/impacto-socioeconomico/,/analises/impacto-socioeconomico/,cuidador,painel-gsds/src/components/socioeconomic/CaregiverBurden.astro,h2 + intro,both,default,"Carga do cuidador e da rede informal | Quando a evidência descreve horas de cuidado ou impacto mental, o recorte de doença e instrumento permanece explícito — sem extrapolar para toda a família das glicogenoses (GSDs).",metodologia,1,COPY-SOCIO-CARE-001.C01,EV-SOT-SOC-001 | EV-CLAIM-CLM-SOCIO-003,supported,NONE,keep,NONE,NONE,NONE
COPY-SOCIO-CARE-002,/analises/impacto-socioeconomico/,/analises/impacto-socioeconomico/,cuidador,painel-gsds/src/components/socioeconomic/CaregiverBurden.astro,empty state,source,caregiver.length === 0 — not current (2 findings exist),Nenhum achado específico de cuidador foi estruturado nesta síntese.,UI,0,NONE,N/A_NOT_FACTUAL,supported,NONE,keep,NONE,NONE,NONE
COPY-SOCIO-CARE-003,/analises/impacto-socioeconomico/,/analises/impacto-socioeconomico/,cuidador,painel-gsds/src/data/socioeconomic/burden.json,brd-pompe-caregiver-hours,both,default,"Pompe — estudo de cuidado informal | Um estudo estimou 17,7 horas semanais de cuidado informal, chegando a 25,6 horas quando o paciente utilizava cadeira de rodas. | Estado evidencial: Observado | Carga sobre cuidadores é documentada principalmente em Pompe; não extrapolar horas a outros tipos.",factual,1,COPY-SOCIO-CARE-003.C01,EV-SOT-SOC-001 | EV-CLAIM-CLM-SOCIO-003,supported,NONE,keep,NONE,NONE,NONE
COPY-SOCIO-CARE-004,/analises/impacto-socioeconomico/,/analises/impacto-socioeconomico/,cuidador,painel-gsds/src/data/socioeconomic/burden.json,brd-pompe-caregiver-mental,both,default,"Pompe — cuidadores/pais em estudos citados | Problemas de saúde mental em 50% dos cuidadores avaliados e sobrecarga moderada a grave em 57,1% de pais de crianças com Pompe. | Estado evidencial: Observado | Instrumentos e amostras dos estudos originais condicionam a interpretação.",factual,1,COPY-SOCIO-CARE-004.C01,EV-SOT-SOC-001 | EV-CLAIM-CLM-SOCIO-003,supported,NONE,keep,NONE,NONE,NONE
COPY-SOCIO-COST-001,/analises/impacto-socioeconomico/,/analises/impacto-socioeconomico/,custos,painel-gsds/src/data/socioeconomic/cost-layers.json,title + summary,both,default,"Camadas de custo | Os custos disponíveis não representam uma única cesta de recursos. Dependendo da fonte, podem incluir medicamentos, internações, consultas, dispositivos, cuidado domiciliar ou produtividade. O custo mais visível não é necessariamente o maior componente social.",metodologia,1,COPY-SOCIO-COST-001.C01,EV-SOT-SOC-001 | EV-CLAIM-CLM-SOCIO-005,supported,NONE,keep,NONE,NONE,NONE
COPY-SOCIO-COST-002,/analises/impacto-socioeconomico/,/analises/impacto-socioeconomico/,custos,painel-gsds/src/components/socioeconomic/CostLayers.astro,do-not-sum note,both,default,"Camadas monetárias não devem ser somadas entre moedas, anos ou perspectivas sem normalização autorizada pela fonte.",caveat,1,COPY-SOCIO-COST-002.C01,EV-SOT-SOC-001 | EV-CLAIM-CLM-SOCIO-005,supported,NONE,keep,NONE,NONE,NONE
COPY-SOCIO-COST-003,/analises/impacto-socioeconomico/,/analises/impacto-socioeconomico/,custos,painel-gsds/src/components/socioeconomic/CostLayers.astro,PERSPECTIVE_LABEL,both,default,Perspectiva: Pagador | Perspectiva: Sistema de saúde | Perspectiva: Sistema de saúde | Perspectiva: Paciente | Perspectiva: Sociedade,UI,0,NONE,N/A_NOT_FACTUAL,supported,NONE,keep,NONE,NONE,NONE
COPY-SOCIO-COST-LAYER-001,/analises/impacto-socioeconomico/,/analises/impacto-socioeconomico/,custos,painel-gsds/src/data/socioeconomic/cost-layers.json,cost-pharma-observed,both,default,"Farmacoterapia observada (Pompe) | Receita farmacêutica global observada em 2024 ≈ €1,4 bilhão (Pompe). No Brasil, uma contratação pública de Myozyme (fevereiro de 2025) somou R$78,4 milhões — âncora de gasto, não tamanho nacional total. | Camadas farmacêutica e hospitalar são incomparáveis entre si.",factual,1,COPY-SOCIO-COST-LAYER-001.C01,EV-SOT-SOC-001 | EV-CLAIM-CLM-SOCIO-005,supported,NONE,keep,NONE,NONE,NONE
COPY-SOCIO-COST-LAYER-002,/analises/impacto-socioeconomico/,/analises/impacto-socioeconomico/,custos,painel-gsds/src/data/socioeconomic/cost-layers.json,cost-hospital-datasus,both,default,"Utilização hospitalar SIH/SUS (E74.0) | R$533.796,75 nas 997 AIHs E74.0 (jan/2020–mai/2026). Mede hospitalização codificada, não terapia ambulatorial, dieta ou cuidado doméstico. | Valor médio por AIH e totais anuais não representam custo por paciente.",factual,1,COPY-SOCIO-COST-LAYER-002.C01,EV-SOT-SOC-001 | EV-CLAIM-CLM-SOCIO-005,supported,NONE,keep,NONE,NONE,NONE
COPY-SOCIO-COST-LAYER-003,/analises/impacto-socioeconomico/,/analises/impacto-socioeconomico/,custos,painel-gsds/src/data/socioeconomic/cost-layers.json,cost-pompe-qaly,both,default,Avaliações econômicas / QALY (Pompe) | Avaliações econômicas identificadas encontraram razões de custo-efetividade elevadas e sensíveis a preço e dose. | Custos internacionais não são diretamente transferíveis ao Brasil. Parte da literatura econômica possui patrocínio de fabricantes; exige transparência e triangulação.,factual,1,COPY-SOCIO-COST-LAYER-003.C01,EV-SOT-SOC-001 | EV-CLAIM-CLM-SOCIO-005,supported,NONE,keep,NONE,NONE,NONE
COPY-SOCIO-COST-LAYER-004,/analises/impacto-socioeconomico/,/analises/impacto-socioeconomico/,custos,painel-gsds/src/data/socioeconomic/cost-layers.json,cost-household-diet-care,both,default,"Carga doméstica e dieta (qualitativa) | Em GSDs hepáticas, o cuidado doméstico e o tratamento dietético podem ser economicamente relevantes mesmo quando internações e medicamentos específicos são limitados; dieta e insumos são capturados apenas parcialmente por bases de pagadores. | Sem sizing monetário GSD-específico uniforme na síntese para dieta e cuidado informal fora de Pompe.",factual,1,COPY-SOCIO-COST-LAYER-004.C01,EV-SOT-SOC-001 | EV-CLAIM-CLM-SOCIO-005,supported,NONE,keep,NONE,NONE,NONE
COPY-SOCIO-COST-LAYER-005,/analises/impacto-socioeconomico/,/analises/impacto-socioeconomico/,custos,painel-gsds/src/data/socioeconomic/cost-layers.json,cost-indirect,both,default,"Custos indiretos e produtividade (qualitativa) | Ausência no trabalho, redução de jornada, aposentadoria precoce, perda de produtividade e tempo de cuidado informal são descritos, mas raramente com estimativas comparáveis por tipo. | Literatura descreve efeitos sem fornecer estimativas comparáveis por tipo na síntese.",factual,1,COPY-SOCIO-COST-LAYER-005.C01,EV-SOT-SOC-001 | EV-CLAIM-CLM-SOCIO-005,supported,NONE,keep,NONE,NONE,NONE
COPY-SOCIO-COST-AMOUNT-001,/analises/impacto-socioeconomico/,/analises/impacto-socioeconomico/,custos,painel-gsds/src/data/socioeconomic/cost-layers.json,cost-pharma-observed amounts[0] after publicSocioText; caveat TAM stripped,both,default,"≈ €1,403 bilhão | — Receita global Pompe 2024 (Sanofi + Amicus)",factual,1,COPY-SOCIO-COST-AMOUNT-001.C01,EV-SOT-SOC-001 | EV-CLAIM-CLM-MARKET-001 | EV-CLAIM-CLM-SOCIO-005,supported,NONE,keep,NONE,NONE,NONE
COPY-SOCIO-COST-AMOUNT-002,/analises/impacto-socioeconomico/,/analises/impacto-socioeconomico/,custos,painel-gsds/src/data/socioeconomic/cost-layers.json,cost-hospital-datasus amounts[0].scope after scrub,both,default,"R$533.796,75 | — AIHs com DIAG_PRINC E74.0 | CID não distingue tipos; não é custo total das GSDs.",factual,1,COPY-SOCIO-COST-AMOUNT-002.C01,EV-SOT-SOC-001 | EV-CLAIM-CLM-SOCIO-005,needs_review,Leakage do campo interno DIAG_PRINC após remoção de VAL_TOT.,revise,NONE,required,publicSocioText substitui Soma de VAL_TOT... por AIHs com DIAG_PRINC E74.0. publicSocioSecondaryText remove AIH ≠ paciente e deixa o caveat residual. Leakage editorial; o valor e o recorte E74.0 estão suportados.
COPY-SOCIO-COST-AMOUNT-003,/analises/impacto-socioeconomico/,/analises/impacto-socioeconomico/,custos,painel-gsds/src/data/socioeconomic/cost-layers.json,cost-pharma-observed amounts[1],both,default,"R$78,4 milhões | — Contratação pública Myozyme 50 mg, fevereiro de 2025 (62.969 frascos) | Equivalentes pacientes-ano teóricos não informam o número real de pacientes tratados.",factual,1,COPY-SOCIO-COST-AMOUNT-003.C01,EV-SOT-SOC-001 | EV-CLAIM-CLM-SOCIO-005,supported,NONE,keep,NONE,NONE,NONE
COPY-SOCIO-COST-AMOUNT-004,/analises/impacto-socioeconomico/,/analises/impacto-socioeconomico/,custos,painel-gsds/src/data/socioeconomic/cost-layers.json,cost-pompe-qaly amounts[0] after publicSocioText (ECO-IDs stripped),both,default,≈ €1.043.868 por QALY | — Terapia na forma infantil em estudo europeu ; €286.114 em cenário de dose reduzida | Resultados sensíveis a preço e dose; não transferir mecanicamente ao Brasil.,factual,1,COPY-SOCIO-COST-AMOUNT-004.C01,EV-SOT-SOC-001 | EV-CLAIM-CLM-SOCIO-005,supported,NONE,keep,NONE,NONE,"Espaço antes do ponto e vírgula é residual da remoção de (ECO-001, ECO-002)."
COPY-SOCIO-COST-AMOUNT-005,/analises/impacto-socioeconomico/,/analises/impacto-socioeconomico/,custos,painel-gsds/src/data/socioeconomic/cost-layers.json,cost-pompe-qaly amounts[1] after publicSocioText,both,default,"≈ €3,2 milhões por QALY | — Forma tardia em estudo japonês | Contexto japonês; sensível a premissas.",factual,1,COPY-SOCIO-COST-AMOUNT-005.C01,EV-SOT-SOC-001 | EV-CLAIM-CLM-SOCIO-005,supported,NONE,keep,NONE,NONE,NONE
COPY-SOCIO-COST-AMOUNT-006,/analises/impacto-socioeconomico/,/analises/impacto-socioeconomico/,custos,painel-gsds/src/data/socioeconomic/cost-layers.json,cost-pompe-qaly amounts[2] after publicSocioText,both,default,> £2 milhões por QALY | — Frente ao cuidado de suporte em reanálise independente do NIHR | Não equivale a preço de lista nem a gasto brasileiro.,factual,1,COPY-SOCIO-COST-AMOUNT-006.C01,EV-SOT-SOC-001 | EV-CLAIM-CLM-SOCIO-005,supported,NONE,keep,NONE,NONE,NONE
COPY-SOCIO-BR-001,/analises/impacto-socioeconomico/,/analises/impacto-socioeconomico/,brasil,painel-gsds/src/data/socioeconomic/brazil-evidence.json,title + summary,both,default,"Evidência brasileira observável | O Brasil combina potencial subdiagnóstico, acesso fragmentado e baixa visibilidade de dados. Não há denominador nacional confiável; proxies hospitalares e casuísticas não equivalem a prevalência.",factual,1,COPY-SOCIO-BR-001.C01,EV-SOT-SOC-001 | EV-CLAIM-CLM-BRASIL-001,supported,NONE,keep,NONE,NONE,NONE
COPY-SOCIO-BR-002,/analises/impacto-socioeconomico/,/analises/impacto-socioeconomico/,brasil,painel-gsds/src/components/socioeconomic/BrazilEvidencePanel.astro,datasus callout heading + principal note,both,default,SIH/SUS — leitura obrigatória do proxy hospitalar | AIHs com diagnóstico principal E74.0 (formato E740 nos microdados); AIHs não equivalem a pacientes nem a prevalência.,caveat,1,COPY-SOCIO-BR-002.C01,EV-SOT-SOC-001 | EV-CLAIM-CLM-BRASIL-001,supported,NONE,keep,DUP-AIH-NOT-PATIENT,NONE,“formato E740 nos microdados” é jargão técnico; menor que DIAG_PRINC mas merece atenção editorial.
COPY-SOCIO-BR-003,/analises/impacto-socioeconomico/,/analises/impacto-socioeconomico/,brasil,painel-gsds/src/components/socioeconomic/BrazilEvidencePanel.astro,dl labels,both,default,Contagem | Período | População observada | Local,UI,0,NONE,N/A_NOT_FACTUAL,supported,NONE,keep,NONE,NONE,NONE
COPY-SOCIO-BR-004,/analises/impacto-socioeconomico/,/analises/impacto-socioeconomico/,brasil,painel-gsds/src/components/socioeconomic/BrazilEvidencePanel.astro,local dd,both,default,"Local da internação/estabelecimento nos microdados SIH, não residência do paciente.",metodologia,1,COPY-SOCIO-BR-004.C01,EV-SOT-SOC-001 | EV-CLAIM-CLM-BRASIL-001,supported,NONE,keep,NONE,NONE,NONE
COPY-SOCIO-BR-005,/analises/impacto-socioeconomico/,/analises/impacto-socioeconomico/,brasil,painel-gsds/src/components/socioeconomic/BrazilEvidencePanel.astro,datasus callout values + bullets + filtered limitations,both,default,997 AIHs | janeiro de 2020 a maio de 2026 | Autorizações de Internação Hospitalar (SIH/SUS) com CID principal E74.0 | Soma aprovada associada às AIHs E74.0 na camada de custo hospitalar (ver seção de custos); não é custo total das GSDs. | Longa permanência pode gerar múltiplas AIHs para a mesma pessoa. | Não há deduplicação de pacientes nesta contagem. | Cobertura e codificação limitam extrapolação epidemiológica. | E74.0 não distingue tipos de GSD.,factual,1,COPY-SOCIO-BR-005.C01,EV-SOT-SOC-001 | EV-CLAIM-CLM-BRASIL-001 | EV-METRIC-MET-DATASUS-001,supported,NONE,keep,NONE,NONE,Limitations filtradas por isAihPrincipalEcho: permanecem só E74.0 não distingue tipos de GSD. Período/população sem publicSocioText.
COPY-SOCIO-BR-PT-001,/analises/impacto-socioeconomico/,/analises/impacto-socioeconomico/,brasil,painel-gsds/src/data/socioeconomic/brazil-evidence.json,br-no-national-denominator,both,default,Sem denominador nacional | Não foi localizada estimativa de prevalência nacional com denominador populacional para qualquer GSD.,factual,1,COPY-SOCIO-BR-PT-001.C01,EV-SOT-SOC-001 | EV-CLAIM-CLM-BRASIL-001,supported,NONE,keep,NONE,NONE,NONE
COPY-SOCIO-BR-PT-002,/analises/impacto-socioeconomico/,/analises/impacto-socioeconomico/,brasil,painel-gsds/src/data/socioeconomic/brazil-evidence.json,br-fragmented-access,both,default,"Acesso fragmentado | Em Pompe, números de diagnosticados/em terapia citados pela síntese (ex.: Conitec 2018; audiência 2024) não constituem censo atual, mas demonstram diferença entre potencial epidemiológico e população conhecida pelo sistema. Estudo multicêntrico brasileiro reuniu 132 pacientes hepáticos em 13 centros de sete estados e do Distrito Federal — maior casuística nacional consolidada no material, sem representar prevalência nem cobertura nacional.",factual,1,COPY-SOCIO-BR-PT-002.C01,EV-SOT-SOC-001 | EV-CLAIM-CLM-BRASIL-001,supported,NONE,keep,NONE,NONE,NONE
COPY-SOCIO-BR-PT-003,/analises/impacto-socioeconomico/,/analises/impacto-socioeconomico/,brasil,painel-gsds/src/data/socioeconomic/brazil-evidence.json,br-datasus-aih,both,default,"DATASUS / SIH — 997 AIHs E74.0 | Nos microdados do SIH/SUS, 997 AIHs com diagnóstico principal E74.0 entre janeiro de 2020 e maio de 2026, com nove registros de óbito hospitalar e R$533.796,75. O CID E74.0 não distingue tipos de GSD. A análise demonstra utilização hospitalar e limitações informacionais, não dimensão epidemiológica ou custo total.",factual,1,COPY-SOCIO-BR-PT-003.C01,EV-SOT-SOC-001 | EV-CLAIM-CLM-BRASIL-001,supported,NONE,keep,NONE,NONE,publicSocioSecondaryText remove o eco AIHs não correspondem a pacientes únicos.
COPY-SOCIO-BR-PT-004,/analises/impacto-socioeconomico/,/analises/impacto-socioeconomico/,brasil,painel-gsds/src/data/socioeconomic/brazil-evidence.json,br-clinical-capacity-no-coverage,both,default,Capacidade clínica sem inferência de cobertura | A existência de centros e casuísticas multicêntricas documenta capacidade clínica parcial; não autoriza inferir cobertura nacional nem prevalência a partir desses recortes.,factual,1,COPY-SOCIO-BR-PT-004.C01,EV-SOT-SOC-001 | EV-CLAIM-CLM-BRASIL-001,supported,NONE,keep,NONE,NONE,NONE
COPY-SOCIO-SEG-001,/analises/impacto-socioeconomico/,/analises/impacto-socioeconomico/,segmentos,painel-gsds/src/data/socioeconomic/market-segments.json,title + summary,both,default,"Segmentos de mercado e necessidade | O mercado farmacêutico específico e publicamente observável concentra-se em Pompe; segmentos não farmacêuticos existem como mercados adjacentes ou emergentes, fragmentados e raramente desagregados para GSD.",factual,1,COPY-SOCIO-SEG-001.C01,EV-SOT-SOC-001 | EV-CLAIM-CLM-MARKET-001,supported,NONE,keep,NONE,NONE,NONE
COPY-SOCIO-SEG-002,/analises/impacto-socioeconomico/,/analises/impacto-socioeconomico/,segmentos,painel-gsds/src/components/socioeconomic/MarketSegmentMap.astro,table headers + aria-label,both,default,Segmentos de mercado | Segmento | Beneficiário | Comprador/pagador | Maturidade | Observabilidade,UI,0,NONE,N/A_NOT_FACTUAL,supported,NONE,keep,NONE,NONE,NONE
COPY-SOCIO-SEG-003,/analises/impacto-socioeconomico/,/analises/impacto-socioeconomico/,segmentos,painel-gsds/src/components/socioeconomic/MarketSegmentMap.astro,MATURITY + OBS labels,both,default,Estabelecido | Emergente | Fragmentado | Conceitual | Observabilidade monetária | Somente população potencial | Somente dimensão conceitual | Ausência de mensuração confiável,UI,0,NONE,N/A_NOT_FACTUAL,supported,NONE,keep,NONE,NONE,NONE
COPY-SOCIO-SEG-004,/analises/impacto-socioeconomico/,/analises/impacto-socioeconomico/,segmentos,painel-gsds/src/data/socioeconomic/market-segments.json,seg-pompe-pharma,both,default,"Farmacoterapia específica — Pompe | Em 2024, receita farmacêutica observada consolidada de aproximadamente €1,403 bilhão (Sanofi + Amicus). Representa receita realizada, não TAM/SAM/SOM. | Concentração em Pompe não dimensiona necessidade das demais GSDs. | pacientes com doença de Pompe | sistemas de saúde; pagadores; centros de infusão | Estabelecido | Observabilidade monetária",factual,1,COPY-SOCIO-SEG-004.C01,EV-SOT-SOC-001 | EV-CLAIM-CLM-SOCIO-004,supported,NONE,keep,NONE,NONE,"MarketSegmentMap usa publicSocioText (não secondary): o eco TAM permanece. Separador "" | "" para colunas da tabela."
COPY-SOCIO-SEG-005,/analises/impacto-socioeconomico/,/analises/impacto-socioeconomico/,segmentos,painel-gsds/src/data/socioeconomic/market-segments.json,seg-diagnosis,both,default,"Diagnóstico genético e enzimático / triagem | Diagnóstico genético e enzimático e triagem neonatal existem como mercados adjacentes ou emergentes, mas suas receitas não podem ser atribuídas às glicogenoses com os dados públicos disponíveis na síntese. | Observabilidade monetária GSD-específica ausente nos dados públicos citados. | pacientes sob investigação; recém-nascidos em programas de triagem | sistemas de saúde; laboratórios; programas de triagem | Fragmentado | Somente dimensão conceitual",factual,1,COPY-SOCIO-SEG-005.C01,EV-SOT-SOC-001 | EV-CLAIM-CLM-SOCIO-004,supported,NONE,keep,NONE,NONE,NONE
COPY-SOCIO-SEG-006,/analises/impacto-socioeconomico/,/analises/impacto-socioeconomico/,segmentos,painel-gsds/src/data/socioeconomic/market-segments.json,seg-nutrition,both,default,"Nutrição e insumos dietéticos | Amidos, alimentos para fins especiais e manejo dietético doméstico são centrais em várias GSDs hepáticas; a atividade econômica é fragmentada e grande parcela do custo pode ser transferida às famílias. | Receitas não desagregadas para GSD nos dados públicos da síntese. | pacientes com GSDs hepáticas e famílias | famílias; sistemas de saúde (cobertura desigual) | Fragmentado | Somente dimensão conceitual",factual,1,COPY-SOCIO-SEG-006.C01,EV-SOT-SOC-001 | EV-CLAIM-CLM-SOCIO-004,supported,NONE,keep,NONE,NONE,NONE
COPY-SOCIO-SEG-007,/analises/impacto-socioeconomico/,/analises/impacto-socioeconomico/,segmentos,painel-gsds/src/data/socioeconomic/market-segments.json,seg-monitoring,both,default,"Monitoramento e dispositivos | Monitorização contínua de glicose, bombas de alimentação e telemonitoramento existem como mercados adjacentes ou emergentes sem receita GSD-atribuível nos dados públicos disponíveis. | Sem sizing monetário GSD-específico na síntese. | pacientes em manejo crônico | famílias; pagadores; serviços de saúde | Emergente | Somente dimensão conceitual",factual,1,COPY-SOCIO-SEG-007.C01,EV-SOT-SOC-001 | EV-CLAIM-CLM-SOCIO-004,supported,NONE,keep,NONE,NONE,NONE
COPY-SOCIO-SEG-008,/analises/impacto-socioeconomico/,/analises/impacto-socioeconomico/,segmentos,painel-gsds/src/data/socioeconomic/market-segments.json,seg-rehab-support,both,default,"Reabilitação e suporte | GSDs musculares e ultrarraras apresentam necessidades de reabilitação, coordenação e geração de evidência sem mercado ou pagador estruturado conforme a síntese estratégica da síntese. | Observabilidade monetária ausente; necessidade clínica não constitui automaticamente mercado validado. | pacientes com GSDs musculares e ultrarraras; cuidadores | sistemas de saúde; famílias | Conceitual | Ausência de mensuração confiável",factual,1,COPY-SOCIO-SEG-008.C01,EV-SOT-SOC-001 | EV-CLAIM-CLM-SOCIO-004,supported,NONE,keep,NONE,NONE,NONE
COPY-SOCIO-SIZE-001,/analises/impacto-socioeconomico/,/analises/impacto-socioeconomico/,sizing,painel-gsds/src/components/socioeconomic/MarketSizingGuardrails.astro,h2 + intro,both,default,"O que é calculável — e o que não é | Receita observada, proxy hospitalar, população potencial e mercado conceitual não são intercambiáveis. Total Addressable Market (TAM), Serviceable Available Market (SAM) e Serviceable Obtainable Market (SOM) só aparecem quando a fonte os autoriza com classificação metodológica.",metodologia,1,COPY-SOCIO-SIZE-001.C01,EV-SOT-SOC-001 | EV-CLAIM-CLM-MARKET-001,supported,NONE,keep,NONE,NONE,NONE
COPY-SOCIO-SIZE-002,/analises/impacto-socioeconomico/,/analises/impacto-socioeconomico/,sizing,painel-gsds/src/components/socioeconomic/MarketSizingGuardrails.astro,three column headings,both,default,Receita / mercado observado | População potencial / conceitual | Lacuna de mensuração,UI,0,NONE,N/A_NOT_FACTUAL,supported,NONE,keep,NONE,NONE,NONE
COPY-SOCIO-SIZE-003,/analises/impacto-socioeconomico/,/analises/impacto-socioeconomico/,sizing,painel-gsds/src/components/socioeconomic/MarketSizingGuardrails.astro,observed revenue + slogans,both,default,"≈ €1,4 bilhão | — Receita farmacêutica observada (Pompe) | Trata-se de mercado/receita observada, não de TAM, SAM ou SOM. | Mercado observado não é necessidade total. | Classificação: Receita observada | Farmacoterapia específica — Pompe | Segmentos com observabilidade populacional ou conceitual não recebem rótulo financeiro de TAM/SAM/SOM nesta síntese. | Diagnóstico genético e enzimático / triagem | Nutrição e insumos dietéticos | Monitoramento e dispositivos | Ausência de dado monetário não significa mercado igual a zero. | Reabilitação e suporte",caveat,2,COPY-SOCIO-SIZE-003.C01 | COPY-SOCIO-SIZE-003.C02,EV-SOT-SOC-001 | EV-CLAIM-CLM-MARKET-001,supported,NONE,keep,DUP-REV-NOT-TAM,NONE,"Branch ativa: observedRevenue presente. Listas: monetary = Pompe; population/conceptual = diagnóstico, nutrição, monitoramento; absent = reabilitação."
COPY-SOCIO-SIZE-004,/analises/impacto-socioeconomico/,/analises/impacto-socioeconomico/,sizing,painel-gsds/src/components/socioeconomic/MarketSizingGuardrails.astro,empty fallbacks,source,not current (observedRevenue and segments exist),Nenhuma métrica de receita observada disponível nesta página. | Nenhum segmento exclusivamente populacional listado. | Nenhum segmento marcado como ausente nesta síntese.,UI,0,NONE,N/A_NOT_FACTUAL,supported,NONE,keep,NONE,NONE,NONE
COPY-SOCIO-GAPS-001,/analises/impacto-socioeconomico/,/analises/impacto-socioeconomico/,lacunas-evidencia,painel-gsds/src/components/socioeconomic/EvidenceGapBridge.astro,h2 + lede,both,default,O que ainda falta medir | Segmentos e dimensões ainda sem mensuração monetária comparável nesta síntese.,metodologia,1,COPY-SOCIO-GAPS-001.C01,EV-SOT-SOC-001 | EV-CLAIM-CLM-SOCIO-004,supported,NONE,keep,NONE,NONE,NONE
COPY-SOCIO-GAPS-002,/analises/impacto-socioeconomico/,/analises/impacto-socioeconomico/,lacunas-evidencia,painel-gsds/src/pages/analises/impacto-socioeconomico/index.astro,gapItems seg-diagnosis,both,default,"Segmento com mensuração limitada: Diagnóstico genético e enzimático / triagem | Diagnóstico genético e enzimático e triagem neonatal existem como mercados adjacentes ou emergentes, mas suas receitas não podem ser atribuídas às glicogenoses com os dados públicos disponíveis na síntese. Limitação: Observabilidade monetária GSD-específica ausente nos dados públicos citados.",factual,1,COPY-SOCIO-GAPS-002.C01,EV-SOT-SOC-001 | EV-CLAIM-CLM-SOCIO-004,supported,NONE,keep,NONE,NONE,NONE
COPY-SOCIO-GAPS-003,/analises/impacto-socioeconomico/,/analises/impacto-socioeconomico/,lacunas-evidencia,painel-gsds/src/pages/analises/impacto-socioeconomico/index.astro,gapItems seg-nutrition,both,default,"Segmento com mensuração limitada: Nutrição e insumos dietéticos | Amidos, alimentos para fins especiais e manejo dietético doméstico são centrais em várias GSDs hepáticas; a atividade econômica é fragmentada e grande parcela do custo pode ser transferida às famílias. Limitação: Receitas não desagregadas para GSD nos dados públicos da síntese.",factual,1,COPY-SOCIO-GAPS-003.C01,EV-SOT-SOC-001 | EV-CLAIM-CLM-SOCIO-004,supported,NONE,keep,NONE,NONE,NONE
COPY-SOCIO-GAPS-004,/analises/impacto-socioeconomico/,/analises/impacto-socioeconomico/,lacunas-evidencia,painel-gsds/src/pages/analises/impacto-socioeconomico/index.astro,gapItems seg-monitoring,both,default,"Segmento com mensuração limitada: Monitoramento e dispositivos | Monitorização contínua de glicose, bombas de alimentação e telemonitoramento existem como mercados adjacentes ou emergentes sem receita GSD-atribuível nos dados públicos disponíveis. Limitação: Sem sizing monetário GSD-específico na síntese.",factual,1,COPY-SOCIO-GAPS-004.C01,EV-SOT-SOC-001 | EV-CLAIM-CLM-SOCIO-004,supported,NONE,keep,NONE,NONE,NONE
COPY-SOCIO-GAPS-005,/analises/impacto-socioeconomico/,/analises/impacto-socioeconomico/,lacunas-evidencia,painel-gsds/src/pages/analises/impacto-socioeconomico/index.astro,gapItems seg-rehab-support,both,default,"Segmento com mensuração limitada: Reabilitação e suporte | GSDs musculares e ultrarraras apresentam necessidades de reabilitação, coordenação e geração de evidência sem mercado ou pagador estruturado conforme a síntese estratégica da síntese. Limitação: Observabilidade monetária ausente; necessidade clínica não constitui automaticamente mercado validado.",factual,1,COPY-SOCIO-GAPS-005.C01,EV-SOT-SOC-001 | EV-CLAIM-CLM-SOCIO-004,supported,NONE,keep,NONE,NONE,NONE
COPY-SOCIO-FOOT-001,/analises/impacto-socioeconomico/,/analises/impacto-socioeconomico/,limitacoes-e-fontes,painel-gsds/src/pages/analises/impacto-socioeconomico/index.astro,EvidenceFooter,both,default,"Contratação, preço de lista, gasto público e receita empresarial não são intercambiáveis. | Ausência de dado monetário não significa mercado igual a zero. | Achados de Pompe, McArdle ou GSD hepática não se generalizam a toda a família sem suporte explícito. | Camadas de custo em moedas, anos e perspectivas distintas não devem ser somadas sem normalização autorizada.",metodologia,4,COPY-SOCIO-FOOT-001.C01 | COPY-SOCIO-FOOT-001.C02 | COPY-SOCIO-FOOT-001.C03 | COPY-SOCIO-FOOT-001.C04,EV-SOT-SOC-001 | EV-CLAIM-CLM-SOCIO-005 | EV-CLAIM-CLM-MARKET-001,supported,NONE,keep,NONE,NONE,NONE
COPY-OBS-SEO-001,/inovacao/startups/,/inovacao/startups/,seo,painel-gsds/src/pages/inovacao/startups/index.astro,title,both,default,Observatório de startups em glicogenoses,SEO,0,NONE,N/A_NOT_FACTUAL,supported,NONE,keep,DUP-OBS-TITLE,NONE,NONE
COPY-OBS-SEO-002,/inovacao/startups/,/inovacao/startups/,seo,painel-gsds/src/pages/inovacao/startups/index.astro,description,both,default,"Organizações com relevância direta, adjacente ou ainda não confirmada às glicogenoses. Base pública estática, sujeita a atualização editorial.",SEO,1,COPY-OBS-SEO-002.C01,EV-SNAP-COV-001,supported,NONE,keep,NONE,NONE,NONE
COPY-OBS-CRUMB-001,/inovacao/startups/,/inovacao/startups/,breadcrumbs,painel-gsds/src/pages/inovacao/startups/index.astro,Breadcrumbs,both,default,Início | Inovação | Observatório de startups,UI,0,NONE,N/A_NOT_FACTUAL,supported,NONE,keep,NONE,NONE,NONE
COPY-OBS-HEADER-001,/inovacao/startups/,/inovacao/startups/,header,painel-gsds/src/pages/inovacao/startups/index.astro,ResearchHeader,both,default,"Observatório | Observatório de startups em glicogenoses | Mapeamento curado — não exaustivo — de organizações com relações diretas, adjacentes e de relevância ainda não confirmada às GSDs.",metodologia,1,COPY-OBS-HEADER-001.C01,EV-SNAP-COV-001,supported,NONE,keep,DUP-OBS-TITLE,NONE,NONE
COPY-OBS-LIST-001,/inovacao/startups/,/inovacao/startups/,explorer,painel-gsds/src/pages/inovacao/startups/index.astro,h2,both,default,Organizações publicadas,UI,0,NONE,N/A_NOT_FACTUAL,supported,NONE,keep,NONE,NONE,NONE
COPY-OBS-SUM-001,/inovacao/startups/,/inovacao/startups/,explorer,painel-gsds/src/components/startups/StartupSummary.tsx,visually-hidden title + templates,both,default,Resumo quantitativo | {totalOrganizations} organizações nesta base | {filteredOrganizations} de {totalOrganizations} organizações no recorte filtrado | 120 organizações nesta base,UI,1,COPY-OBS-SUM-001.C01,EV-SNAP-COV-001,supported,NONE,keep,NONE,NONE,"Counts excluídos como censo; 120 é o runtime do snapshot publicado, inventariado só como valor do template."
COPY-OBS-SEARCH-001,/inovacao/startups/,/inovacao/startups/,explorer,painel-gsds/src/components/startups/StartupSearch.tsx,label + placeholder,both,default,"Buscar organizações | Nome, alias, descrição ou tecnologia",UI,0,NONE,N/A_NOT_FACTUAL,supported,NONE,keep,NONE,NONE,NONE
COPY-OBS-SORT-001,/inovacao/startups/,/inovacao/startups/,explorer,painel-gsds/src/components/startups/StartupSort.tsx,label + options,both,default,Ordenar | Nome (A–Z) | Nome (Z–A) | Última revisão (mais recente) | Última revisão (mais antiga),UI,0,NONE,N/A_NOT_FACTUAL,supported,NONE,keep,NONE,NONE,NONE
COPY-OBS-FILTERS-001,/inovacao/startups/,/inovacao/startups/,explorer,painel-gsds/src/components/startups/StartupExplorer.tsx,filters toggle,both,botão visível abaixo de 48rem; no HTML estático default aparece Mostrar filtros,Mostrar filtros | Ocultar filtros,UI,0,NONE,N/A_NOT_FACTUAL,supported,NONE,keep,NONE,NONE,NONE
COPY-OBS-FILTERS-002,/inovacao/startups/,/inovacao/startups/,explorer,painel-gsds/src/components/startups/StartupFilters.tsx,legends,both,default,Filtros | Relação | Geografia | Confiança | Status operacional,UI,0,NONE,N/A_NOT_FACTUAL,supported,NONE,keep,NONE,NONE,NONE
COPY-OBS-FILTERS-003,/inovacao/startups/,/inovacao/startups/,explorer,painel-gsds/src/data/startups/taxonomies.ts,public labels used by filters/badges/charts,both,default,Direta às GSDs | Adjacente às GSDs | Suporte ao ecossistema | Relevância não confirmada | Brasil | Global | Alta | Média | Baixa | Não atribuída | Aparentemente ativa | Ativa | Inativa | Adquirida | Adquirida ou inativa | Privada | De capital aberto | Encerrada | Identidade/status não resolvido | Desconhecido | Startup / privada | Biotecnologia de capital aberto | Status atual incerto | Atividade GSD atual | Atividade atual incerta | Histórica | Titular | Desenvolvedor / operador | Detentor de licença | Titular histórico do ativo | Relação histórica; titularidade não estabelecida | Entidade adquirida | Licenciado a terceiro | Papel não resolvido,UI,0,NONE,N/A_NOT_FACTUAL,supported,NONE,keep,NONE,NONE,Rótulos de taxonomia são copy estrutural. Valores por organização excluídos.
COPY-OBS-COUNT-001,/inovacao/startups/,/inovacao/startups/,explorer,painel-gsds/src/components/startups/StartupExplorer.tsx,live region templates,both,default,{n} organizações no recorte. | {n} organização no recorte. | Nenhuma organização corresponde aos filtros atuais. | Nenhuma organização neste recorte. | 120 organizações no recorte.,UI,1,COPY-OBS-COUNT-001.C01,EV-SNAP-COV-001,supported,NONE,keep,NONE,NONE,NONE
COPY-OBS-CARD-001,/inovacao/startups/,/inovacao/startups/,explorer,painel-gsds/src/components/startups/StartupCard.tsx,chrome only,both,default,Classificações | Ver detalhe | Confiança:,UI,0,NONE,N/A_NOT_FACTUAL,supported,NONE,keep,NONE,NONE,"preferredName, description, HQ, website, status/activity/role por org excluídos do inventário editorial."
COPY-OBS-EMPTY-001,/inovacao/startups/,/inovacao/startups/,explorer,painel-gsds/src/components/startups/StartupEmptyState.tsx,empty snapshot branch,source,not-yet-populated or organizations.length===0 — not current snapshot,"Base pública | Observatório preparado — base ainda não populada | {summary} | Dataset selecionado publicado em | {date} | . | Contagens zeradas descrevem o artefato vazio, não um censo de soluções no mundo.",caveat,1,COPY-OBS-EMPTY-001.C01,EV-SNAP-COV-001,supported,NONE,keep,NONE,NONE,NONE
COPY-OBS-NORESULTS-001,/inovacao/startups/,/inovacao/startups/,explorer,painel-gsds/src/components/startups/StartupNoResultsState.tsx,no-results,both,query/filters with zero matches — reproduced with zzzz-no-match-7a0,Nenhuma organização corresponde aos filtros | A consulta{query ? ` “${query}”` : ''} e os filtros ativos não encontraram correspondências neste recorte. Isso não significa que não existam soluções no mundo — apenas que a base publicada não cobre o critério. | Limpar busca e filtros,caveat,1,COPY-OBS-NORESULTS-001.C01,EV-SNAP-COV-001,supported,NONE,keep,NONE,NONE,NONE
COPY-OBS-DETAIL-001,/inovacao/startups/,/inovacao/startups/,detail-drawer,painel-gsds/src/components/startups/StartupDetail.tsx,chrome headings/labels,source,drawer open — intercepted by Astro dev toolbar in this session; labels confirmed in source,Fechar detalhe | Avaliações de relevância | Indicação GSD | Ativo / programa | Modalidade | Estágio | Status da organização | Atividade GSD | Papel no ativo | Produtos e programas | Site institucional | Fontes públicas,UI,0,NONE,N/A_NOT_FACTUAL,supported,NONE,keep,NONE,NONE,NONE
COPY-OBS-DETAIL-002,/inovacao/startups/,/inovacao/startups/,detail-drawer,painel-gsds/src/components/startups/StartupDetail.tsx,products empty fallback,source,products.length===0 (current snapshot: 0 productsOrPrograms),Os ativos e programas são apresentados no contexto da organização e ainda não possuem uma seção estruturada própria.,caveat,1,COPY-OBS-DETAIL-002.C01,EV-SNAP-COV-001,needs_review,Comunica lacuna de modelo de dados ao público.,keep,NONE,required,PENDING_7B_DATA_MODEL. Mesma lacuna de COPY-OBS-COVERAGE-007; fallback do drawer. Ver ISSUE-7A0-005 / QUESTION-7A0-004.
COPY-OBS-EVIDENCE-001,/inovacao/startups/,/inovacao/startups/,detail-drawer,painel-gsds/src/components/startups/StartupEvidenceList.tsx,empty + link chrome,source,detail evidence list,Sem fontes públicas vinculadas neste recorte. | Abrir fonte | URL não disponível,UI,0,NONE,N/A_NOT_FACTUAL,supported,NONE,keep,NONE,NONE,NONE
COPY-OBS-CHART-001,/inovacao/startups/,/inovacao/startups/,analytics,painel-gsds/src/components/startups/ObservatoryAnalytics.tsx,header,both,default,Visão analítica | Totais gerais da base.,editorial,0,NONE,N/A_NOT_FACTUAL,supported,NONE,keep,NONE,NONE,NONE
COPY-OBS-CHART-002,/inovacao/startups/,/inovacao/startups/,analytics,painel-gsds/src/components/startups/ObservatoryAnalytics.tsx,group title,both,default,Ecossistema publicado,editorial,0,NONE,N/A_NOT_FACTUAL,supported,NONE,keep,NONE,NONE,NONE
COPY-OBS-CHART-003,/inovacao/startups/,/inovacao/startups/,analytics,painel-gsds/src/components/startups/ObservatoryAnalytics.tsx,viz-01,both,default,"Organizações por relação com GSDs | Contagem de organizações únicas por tipo de relação. | Uma organização é contada uma vez em cada relação que possui. Na base atual, nenhuma organização aparece em mais de uma categoria de relação.",metodologia,1,COPY-OBS-CHART-003.C01,EV-SNAP-COV-001 | EV-CODE-CHARTS,supported,NONE,keep,NONE,NONE,NONE
COPY-OBS-CHART-004,/inovacao/startups/,/inovacao/startups/,analytics,painel-gsds/src/components/startups/ObservatoryAnalytics.tsx,viz-02,both,default,Organizações por escopo geográfico | Incidência de escopos Brasil e Global entre as organizações publicadas. | Brasil e Global não são categorias mutuamente exclusivas: uma organização aparece nos dois escopos.,metodologia,1,COPY-OBS-CHART-004.C01,EV-CODE-CHARTS,supported,NONE,keep,NONE,NONE,NONE
COPY-OBS-CHART-005,/inovacao/startups/,/inovacao/startups/,analytics,painel-gsds/src/components/startups/ObservatoryAnalytics.tsx,direct group heading template,both,default,Organizações com relação direta ( | {directTotal} | ) | 28,UI,1,COPY-OBS-CHART-005.C01,EV-SNAP-COV-001,supported,NONE,keep,NONE,NONE,NONE
COPY-OBS-CHART-006,/inovacao/startups/,/inovacao/startups/,analytics,painel-gsds/src/components/startups/ObservatoryAnalytics.tsx,direct note,both,default,Presença no mapeamento direto não implica programa atualmente ativo.,caveat,1,COPY-OBS-CHART-006.C01,EV-SNAP-COV-001,supported,NONE,keep,NONE,NONE,NONE
COPY-OBS-CHART-007,/inovacao/startups/,/inovacao/startups/,analytics,painel-gsds/src/components/startups/ObservatoryAnalytics.tsx,viz-03 title,both,default,Atividade GSD das organizações com relação direta,UI,0,NONE,N/A_NOT_FACTUAL,supported,NONE,keep,NONE,NONE,NONE
COPY-OBS-CHART-008,/inovacao/startups/,/inovacao/startups/,analytics,painel-gsds/src/components/startups/ObservatoryAnalytics.tsx,viz-04 title+description,both,default,Status corporativo das organizações com relação direta | Status dos 28 com relação direta.,factual,1,COPY-OBS-CHART-008.C01,EV-SNAP-COV-001,needs_review,Description hardcoda 28 enquanto o heading usa {directTotal}.,revise,NONE,NONE,"Description hardcoda ""28"" enquanto o heading do grupo usa {directTotal}. No snapshot atual os valores coincidem; o risco é deriva futura."
COPY-OBS-COVERAGE-001,/inovacao/startups/,/inovacao/startups/,coverage,painel-gsds/src/components/startups/StartupCoverageNotice.tsx,h2,both,default,Cobertura e limitações,metodologia,0,NONE,N/A_NOT_FACTUAL,supported,NONE,keep,NONE,NONE,NONE
COPY-OBS-COVERAGE-002,/inovacao/startups/,/inovacao/startups/,coverage,painel-gsds/src/components/startups/StartupCoverageNotice.tsx,status template,both,default,Status de cobertura: | {statusLabel} | Cobertura parcial,UI,1,COPY-OBS-COVERAGE-002.C01,EV-SNAP-COV-001,supported,NONE,keep,NONE,NONE,startupCoverageStatusLabels.partial = Cobertura parcial no snapshot publicado.
COPY-OBS-COVERAGE-003,/inovacao/startups/,/inovacao/startups/,coverage,painel-gsds/src/data/startups/published/snapshots/ecosystem-cumulative-direct-2026-08-24.json,coverage.summary after A30 strip,both,default,"O Observatório reúne os recortes indiretos já publicados e 28 organizações com relação direta às GSDs. A relação direta pode ser atual, histórica ou ainda incerta. Alguns registros diretos ainda não possuem fonte pública vinculada nesta versão.",metodologia,1,COPY-OBS-COVERAGE-003.C01,EV-SNAP-COV-001,supported,NONE,keep,NONE,NONE,NONE
COPY-OBS-COVERAGE-004,/inovacao/startups/,/inovacao/startups/,coverage,painel-gsds/src/data/startups/published/snapshots/ecosystem-cumulative-direct-2026-08-24.json,coverage.limitations[0] filtered,both,default,"Relações diretas podem ser atuais, históricas ou de atividade ainda incerta.",caveat,1,COPY-OBS-COVERAGE-004.C01,EV-SNAP-COV-001,supported,NONE,keep,NONE,NONE,NONE
COPY-OBS-COVERAGE-005,/inovacao/startups/,/inovacao/startups/,coverage,painel-gsds/src/data/startups/published/snapshots/ecosystem-cumulative-direct-2026-08-24.json,coverage.limitations[1] filtered,both,default,"Alguns campos de identidade (website, sede, ano de fundação) permanecem não confirmados.",caveat,1,COPY-OBS-COVERAGE-005.C01,EV-SNAP-COV-001,supported,NONE,keep,NONE,NONE,NONE
COPY-OBS-COVERAGE-006,/inovacao/startups/,/inovacao/startups/,coverage,painel-gsds/src/data/startups/published/snapshots/ecosystem-cumulative-direct-2026-08-24.json,coverage.limitations[2] filtered,both,default,Alguns registros diretos ainda não possuem uma fonte pública vinculada nesta versão.,caveat,1,COPY-OBS-COVERAGE-006.C01,EV-SNAP-COV-001,supported,NONE,keep,NONE,NONE,Repetição contextual intencional com COPY-OBS-ABOUT-005 (cobertura vs Sobre os dados). Não é merge. O problema da ISSUE-7A0-004 não é o texto literal.
COPY-OBS-COVERAGE-007,/inovacao/startups/,/inovacao/startups/,coverage,painel-gsds/src/data/startups/published/snapshots/ecosystem-cumulative-direct-2026-08-24.json,coverage.limitations[3] filtered,both,default,Ativos e programas ainda não estão modelados como entidades estruturadas separadas.,caveat,1,COPY-OBS-COVERAGE-007.C01,EV-SNAP-COV-001,needs_review,Comunica ao público que ativos e programas ainda não estão modelados como entidades estruturadas — lacuna de modelo (PENDING_7B_DATA_MODEL).,keep,NONE,required,PENDING_7B_DATA_MODEL. Ver ISSUE-7A0-005 / QUESTION-7A0-004.
COPY-OBS-COVERAGE-008,/inovacao/startups/,/inovacao/startups/,coverage,painel-gsds/src/data/startups/published/snapshots/ecosystem-cumulative-direct-2026-08-24.json,coverage.limitations[4] filtered,both,default,Confiança das avaliações diretas não foi atribuída neste recorte.,caveat,1,COPY-OBS-COVERAGE-008.C01,EV-SNAP-COV-001,supported,NONE,keep,NONE,NONE,NONE
COPY-OBS-COVERAGE-009,/inovacao/startups/,/inovacao/startups/,coverage,painel-gsds/src/data/startups/published/snapshots/ecosystem-cumulative-direct-2026-08-24.json,coverage.limitations[5] filtered,both,default,Papel no ativo usa linguagem pública; associação histórica não estabelece titularidade automaticamente.,caveat,1,COPY-OBS-COVERAGE-009.C01,EV-SNAP-COV-001,supported,NONE,keep,NONE,NONE,NONE
COPY-OBS-COVERAGE-010,/inovacao/startups/,/inovacao/startups/,coverage,painel-gsds/src/pages/inovacao/startups/index.astro,section aria-label wrapping StartupCoverageNotice,both,default,Cobertura da base,UI,0,NONE,N/A_NOT_FACTUAL,supported,NONE,keep,NONE,NONE,NONE
COPY-OBS-ABOUT-001,/inovacao/startups/,/inovacao/startups/,sobre-os-dados,painel-gsds/src/pages/inovacao/startups/index.astro,h2,both,default,Sobre os dados,metodologia,0,NONE,N/A_NOT_FACTUAL,supported,NONE,keep,NONE,NONE,NONE
COPY-OBS-ABOUT-002,/inovacao/startups/,/inovacao/startups/,sobre-os-dados,painel-gsds/src/pages/inovacao/startups/index.astro,notes[0],both,default,A base não é um censo nem um inventário global de organizações.,caveat,1,COPY-OBS-ABOUT-002.C01,EV-SNAP-COV-001,supported,NONE,keep,NONE,NONE,NONE
COPY-OBS-ABOUT-003,/inovacao/startups/,/inovacao/startups/,sobre-os-dados,painel-gsds/src/pages/inovacao/startups/index.astro,notes[1],both,default,Classificações direta / adjacente / ecossistema / relevância não confirmada e Brasil / global pertencem às avaliações de relevância ligadas a cada organização — não são bases separadas.,metodologia,1,COPY-OBS-ABOUT-003.C01,EV-SNAP-COV-001,supported,NONE,keep,NONE,NONE,NONE
COPY-OBS-ABOUT-004,/inovacao/startups/,/inovacao/startups/,sobre-os-dados,painel-gsds/src/pages/inovacao/startups/index.astro,notes[2],both,default,Os dados públicos são sujeitos a atualização editorial periódica quando uma nova base publicada é selecionada. Última atualização: | 2026-08-24 | .,metodologia,1,COPY-OBS-ABOUT-004.C01,EV-SNAP-COV-001,supported,NONE,keep,NONE,NONE,NONE
COPY-OBS-ABOUT-005,/inovacao/startups/,/inovacao/startups/,sobre-os-dados,painel-gsds/src/pages/inovacao/startups/index.astro,notes[3],both,default,"Quando uma fonte pública está vinculada ao registro, ela aparece no detalhe da organização. Alguns registros diretos ainda não possuem uma fonte pública vinculada nesta versão.",caveat,1,COPY-OBS-ABOUT-005.C01,EV-SNAP-COV-001,supported,NONE,keep,DUP-OBS-NO-PUBLIC-SOURCE,NONE,Repetição contextual intencional com COPY-OBS-COVERAGE-006. O segundo período é o mesmo caveat de cobertura; o primeiro contextualiza o detalhe da organização.
